id,cliente_id,competencia,faturamento,despesas,imposto,honorario,pago
1,1,2024-10,75880.54,47504.87,6623.62,1334.3,1
2,1,2024-11,66814.98,40583.69,5608.28,1334.3,1
3,1,2024-12,71177.58,46395.01,6096.89,1334.3,1
4,1,2025-01,69454.8,43810.5,5903.94,1334.3,1
5,1,2025-02,78961.34,47031.73,6968.67,1334.3,1
6,1,2025-03,90051.03,52715.08,8210.72,1334.3,1
7,1,2025-04,78354.05,45973.78,6900.65,1334.3,1
8,1,2025-05,96029.72,56397.38,8880.33,1334.3,0
9,1,2025-06,101624.32,62400.33,9506.92,1334.3,1
10,1,2025-07,95071.61,58702.46,8773.02,1334.3,1
11,1,2025-08,83573.66,50715.24,7485.25,1334.3,1
12,1,2025-09,83468.49,53829.55,7473.47,1334.3,1
13,1,2025-10,82940.54,53126.79,7414.34,1334.3,1
14,1,2025-11,78087.93,48522.98,6870.85,1334.3,1
15,1,2025-12,69931.7,43395.39,5957.35,1334.3,1
16,1,2026-01,70040.4,44820.38,5969.52,1334.3,1
17,1,2026-02,81192.82,54249.64,7218.6,1334.3,1
18,1,2026-03,84240.33,52271.07,7559.92,1334.3,1
19,1,2026-04,99350.82,63142.89,9252.29,1334.3,1
20,1,2026-05,112466.95,73581.88,10721.3,1334.3,1
21,1,2026-06,111199.5,67519.25,10579.34,1334.3,1
22,1,2026-07,97969.43,59204.87,9097.58,1334.3,1
23,1,2026-08,111151.79,71914.68,10574.0,1334.3,1
24,1,2026-09,90943.64,57718.63,8310.69,1334.3,1
25,2,2024-10,98764.32,60351.03,18821.69,1680.57,1
26,2,2024-11,102612.24,62123.42,19610.51,1680.57,1
27,2,2024-12,93840.0,61074.13,17812.2,1680.57,1
28,2,2025-01,96392.27,59965.64,18335.42,1680.57,1
29,2,2025-02,104176.23,61058.88,19931.13,1680.57,1
30,2,2025-03,111223.84,71412.68,21375.89,1680.57,0
31,2,2025-04,124676.99,78527.68,24133.78,1680.57,1
32,2,2025-05,143436.29,87971.75,27979.44,1680.57,0
33,2,2025-06,121662.49,75668.61,23515.81,1680.57,1
34,2,2025-07,112436.69,68134.06,21624.52,1680.57,1
35,2,2025-08,130422.09,87191.08,25311.53,1680.57,1
36,2,2025-09,114616.56,70889.02,22071.39,1680.57,1
37,2,2025-10,110824.52,67425.11,21294.03,1680.57,1
38,2,2025-11,110940.59,65242.39,21317.82,1680.57,0
39,2,2025-12,105100.36,61754.18,20120.57,1680.57,1
40,2,2026-01,100637.7,64136.49,19205.73,1680.57,0
41,2,2026-02,116519.56,69788.89,22461.51,1680.57,1
42,2,2026-03,105829.57,61982.89,20270.06,1680.57,1
43,2,2026-04,113140.86,71756.46,21768.88,1680.57,1
44,2,2026-05,153065.34,90722.07,30030.03,1680.57,1
45,2,2026-06,149464.51,86052.33,29215.22,1680.57,1
46,2,2026-07,163209.89,99857.29,32363.27,1680.57,1
47,2,2026-08,138382.71,81579.39,26943.46,1680.57,1
48,2,2026-09,125581.04,76879.73,24319.11,1680.57,1
49,3,2024-10,28068.7,16094.05,4677.37,733.33,1
50,3,2024-11,27671.78,17367.11,4605.92,733.33,1
51,3,2024-12,26054.74,15538.21,4314.85,733.33,1
52,3,2025-01,28479.99,16951.11,4751.4,733.33,1
53,3,2025-02,27131.14,15865.26,4508.61,733.33,1
54,3,2025-03,31438.29,18196.04,5305.47,733.33,1
55,3,2025-04,33792.22,21568.85,5764.48,733.33,1
56,3,2025-05,37479.66,22075.03,6483.53,733.33,1
57,3,2025-06,41385.4,24984.26,7245.15,733.33,1
58,3,2025-07,36364.27,22373.35,6266.03,733.33,1
59,3,2025-08,36663.58,21172.37,6324.4,733.33,1
60,3,2025-09,38469.0,22773.92,6676.46,733.33,1
61,3,2025-10,32297.8,19172.02,5473.07,733.33,1
62,3,2025-11,32232.2,19241.59,5460.28,733.33,0
63,3,2025-12,30247.62,19137.7,5073.29,733.33,1
64,3,2026-01,32083.0,18949.58,5431.18,733.33,1
65,3,2026-02,35862.79,22508.34,6168.24,733.33,0
66,3,2026-03,37862.11,23593.85,6558.11,733.33,1
67,3,2026-04,42181.1,25024.0,7400.31,733.33,1
68,3,2026-05,37433.82,23399.6,6474.59,733.33,0
69,3,2026-06,45592.24,29620.4,8065.49,733.33,1
70,3,2026-07,38295.77,21577.67,6642.68,733.33,1
71,3,2026-08,37105.0,22410.09,6410.48,733.33,1
72,3,2026-09,32848.52,18173.93,5580.46,733.33,1
73,4,2024-10,103071.55,61230.53,13521.45,1682.41,1
74,4,2024-11,90679.52,51110.25,11538.72,1682.41,1
75,4,2024-12,88435.21,49569.4,11179.63,1682.41,1
76,4,2025-01,98443.36,60022.23,12780.94,1682.41,1
77,4,2025-02,100413.47,57836.35,13096.16,1682.41,1
78,4,2025-03,117281.0,68159.88,15794.96,1682.41,0
79,4,2025-04,128491.43,83334.11,17588.63,1682.41,1
80,4,2025-05,141894.51,84825.92,19733.12,1682.41,1
81,4,2025-06,120103.25,70730.42,16246.52,1682.41,1
82,4,2025-07,133603.81,80416.47,18406.61,1682.41,1
83,4,2025-08,140817.91,84412.17,19560.87,1682.41,1
84,4,2025-09,114116.97,63073.54,15288.72,1682.41,1
85,4,2025-10,106390.79,62476.44,14052.53,1682.41,1
86,4,2025-11,107060.2,61218.97,14159.63,1682.41,1
87,4,2025-12,114442.35,69093.44,15340.78,1682.41,1
88,4,2026-01,107741.13,64739.37,14268.58,1682.41,1
89,4,2026-02,120974.66,73205.86,16385.95,1682.41,1
90,4,2026-03,131292.61,76614.04,18036.82,1682.41,1
91,4,2026-04,122665.17,73188.74,16656.43,1682.41,1
92,4,2026-05,129212.02,82861.3,17703.92,1682.41,1
93,4,2026-06,142626.65,88211.35,19850.26,1682.41,1
94,4,2026-07,115896.93,70229.65,15573.51,1682.41,1
95,4,2026-08,141304.22,81124.75,19638.68,1682.41,1
96,4,2026-09,129589.98,81443.36,17764.4,1682.41,1
97,5,2024-10,45677.47,35173.16,8082.11,942.84,1
98,5,2024-11,41979.35,28248.73,7360.97,942.84,1
99,5,2024-12,45955.85,34571.0,8136.39,942.84,1
100,5,2025-01,44404.88,32500.27,7833.95,942.84,1
101,5,2025-02,46391.96,33737.59,8221.43,942.84,1
102,5,2025-03,53663.18,38849.78,9639.32,942.84,1
103,5,2025-04,52830.03,40793.93,9476.86,942.84,1
104,5,2025-05,59265.14,42410.41,10731.7,942.84,1
105,5,2025-06,60126.17,45155.46,10900.86,942.84,1
106,5,2025-07,58751.87,42256.53,10631.61,942.84,1
107,5,2025-08,50047.27,35974.99,8934.22,942.84,1
108,5,2025-09,57554.21,40477.04,10398.07,942.84,1
109,5,2025-10,44581.33,34323.23,7868.36,942.84,1
110,5,2025-11,49744.6,35228.7,8875.2,942.84,1
111,5,2025-12,46688.14,32532.86,8279.19,942.84,1
112,5,2026-01,55906.34,40149.75,10076.74,942.84,0
113,5,2026-02,47238.03,34715.93,8386.42,942.84,1
114,5,2026-03,51151.97,39018.55,9149.63,942.84,1
115,5,2026-04,66011.71,50822.36,12107.4,942.84,1
116,5,2026-05,67152.26,52534.5,12341.21,942.84,1
117,5,2026-06,62777.1,43088.56,11444.31,942.84,1
118,5,2026-07,72913.54,54940.81,13522.28,942.84,1
119,5,2026-08,58181.46,41368.11,10520.38,942.84,1
120,5,2026-09,57532.41,42106.69,10393.82,942.84,1
121,6,2024-10,24371.31,16476.4,1405.96,673.91,1
122,6,2024-11,23514.96,16243.75,1339.17,673.91,1
123,6,2024-12,24414.7,16569.21,1409.35,673.91,1
124,6,2025-01,24796.19,15483.19,1439.1,673.91,1
125,6,2025-02,27528.79,19167.59,1652.25,673.91,1
126,6,2025-03,24231.93,16164.81,1395.09,673.91,0
127,6,2025-04,31959.08,23595.32,2040.91,673.91,0
128,6,2025-05,30198.97,19491.63,1864.9,673.91,1
129,6,2025-06,32560.93,21032.91,2101.09,673.91,1
130,6,2025-07,29684.57,20994.94,1820.4,673.91,1
131,6,2025-08,34057.87,22624.83,2250.79,673.91,1
132,6,2025-09,29057.59,19370.2,1771.49,673.91,1
133,6,2025-10,24519.69,15644.47,1417.54,673.91,1
134,6,2025-11,25531.97,17438.53,1496.49,673.91,1
135,6,2025-12,21975.9,14414.14,1219.12,673.91,1
136,6,2026-01,27129.54,18093.56,1621.1,673.91,1
137,6,2026-02,28638.05,18450.92,1738.77,673.91,1
138,6,2026-03,32639.4,22511.68,2108.94,673.91,1
139,6,2026-04,36774.44,25497.32,2522.44,673.91,1
140,6,2026-05,34056.31,22788.3,2250.63,673.91,0
141,6,2026-06,43316.03,29125.4,3176.6,673.91,1
142,6,2026-07,33778.12,23022.6,2222.81,673.91,1
143,6,2026-08,33078.76,23280.54,2152.88,673.91,0
144,6,2026-09,34700.56,23814.29,2315.06,673.91,1
145,7,2024-10,30227.91,17624.19,2610.77,758.54,1
146,7,2024-11,28578.67,16412.6,2420.81,758.54,1
147,7,2024-12,26985.89,15201.51,2242.42,758.54,1
148,7,2025-01,32475.78,18108.99,2914.23,758.54,1
149,7,2025-02,30809.48,17584.05,2689.28,758.54,1
150,7,2025-03,33939.04,21366.21,3111.77,758.54,1
151,7,2025-04,39541.01,23271.87,3868.04,758.54,1
152,7,2025-05,42531.52,25104.99,4271.76,758.54,1
153,7,2025-06,41499.83,23578.26,4132.48,758.54,1
154,7,2025-07,41408.61,25537.57,4120.16,758.54,1
155,7,2025-08,39401.85,21790.86,3849.25,758.54,1
156,7,2025-09,33836.2,18644.91,3097.89,758.54,0
157,7,2025-10,34747.94,21551.33,3220.97,758.54,1
158,7,2025-11,29856.56,17206.08,2563.93,758.54,1
159,7,2025-12,33156.09,19057.08,3006.07,758.54,1
160,7,2026-01,34725.28,20001.78,3217.91,758.54,1
161,7,2026-02,32762.04,18515.53,2952.88,758.54,1
162,7,2026-03,44433.67,26053.3,4528.55,758.54,1
163,7,2026-04,41764.51,24964.75,4168.21,758.54,1
164,7,2026-05,51079.57,29077.92,5425.74,758.54,1
165,7,2026-06,41739.26,23467.48,4164.8,758.54,1
166,7,2026-07,47878.87,27344.15,4993.65,758.54,1
167,7,2026-08,41818.03,26219.92,4175.43,758.54,1
168,7,2026-09,42007.48,23876.72,4201.01,758.54,1
169,8,2024-10,43178.9,27651.98,4359.15,963.02,0
170,8,2024-11,41301.75,28238.45,4105.74,963.02,1
171,8,2024-12,42699.52,26697.99,4294.44,963.02,1
172,8,2025-01,44082.38,28521.3,4481.12,963.02,1
173,8,2025-02,48400.0,29946.65,5064.0,963.02,1
174,8,2025-03,52964.2,36081.43,5680.17,963.02,1
175,8,2025-04,56921.83,35743.73,6214.45,963.02,1
176,8,2025-05,57990.78,36450.84,6358.76,963.02,1
177,8,2025-06,57290.64,38012.69,6264.24,963.02,1
178,8,2025-07,63114.85,40586.66,7128.38,963.02,1
179,8,2025-08,54812.01,35170.26,5929.62,963.02,1
180,8,2025-09,56620.7,36672.43,6173.79,963.02,1
181,8,2025-10,52068.24,31918.06,5559.21,963.02,1
182,8,2025-11,47916.15,28463.45,4998.68,963.02,1
183,8,2025-12,48868.93,31457.22,5127.31,963.02,1
184,8,2026-01,48294.97,30063.45,5049.82,963.02,0
185,8,2026-02,50945.83,33123.78,5407.69,963.02,1
186,8,2026-03,59126.51,38521.62,6512.08,963.02,1
187,8,2026-04,60617.11,40135.37,6728.74,963.02,1
188,8,2026-05,68944.4,45096.42,8061.1,963.02,1
189,8,2026-06,70237.36,44310.18,8267.98,963.02,1
190,8,2026-07,70854.47,46690.22,8366.72,963.02,1
191,8,2026-08,56758.06,37558.99,6192.34,963.02,1
192,8,2026-09,65370.43,42743.17,7489.27,963.02,0
193,9,2024-10,65758.85,35154.31,5161.2,1143.27,1
194,9,2024-11,59728.35,30202.51,4519.19,1143.27,1
195,9,2024-12,54189.22,30624.28,3992.98,1143.27,1
196,9,2025-01,60175.93,34622.91,4563.82,1143.27,1
197,9,2025-02,62583.04,33329.64,4821.39,1143.27,1
198,9,2025-03,64930.73,35511.37,5072.59,1143.27,1
199,9,2025-04,75131.84,42010.76,6164.11,1143.27,1
200,9,2025-05,78522.43,43461.48,6526.9,1143.27,1
201,9,2025-06,87817.4,47974.82,7521.46,1143.27,1
202,9,2025-07,82391.47,42530.11,6940.89,1143.27,1
203,9,2025-08,80314.37,43094.75,6718.64,1143.27,1
204,9,2025-09,62155.1,32936.49,4775.6,1143.27,1
205,9,2025-10,62384.84,30522.12,4800.18,1143.27,1
206,9,2025-11,68058.87,37157.24,5407.3,1143.27,1
207,9,2025-12,62409.05,34577.17,4802.77,1143.27,1
208,9,2026-01,63779.01,35043.15,4949.35,1143.27,1
209,9,2026-02,78359.65,44052.01,6509.48,1143.27,1
210,9,2026-03,76910.62,42661.51,6354.44,1143.27,1
211,9,2026-04,81035.81,45157.65,6795.83,1143.27,1
212,9,2026-05,84950.49,45594.69,7214.7,1143.27,1
213,9,2026-06,97661.51,52454.96,8574.78,1143.27,1
214,9,2026-07,80495.3,42965.18,6738.0,1143.27,0
215,9,2026-08,88829.57,49766.41,7629.76,1143.27,1
216,9,2026-09,72539.46,39534.57,5886.72,1143.27,1
217,10,2024-10,17715.56,14555.11,2813.8,611.7,1
218,10,2024-11,19881.54,15384.95,3203.68,611.7,1
219,10,2024-12,18471.89,15210.29,2949.94,611.7,0
220,10,2025-01,18102.8,14396.99,2883.5,611.7,1
221,10,2025-02,21942.89,17489.35,3574.72,611.7,1
222,10,2025-03,22812.58,17742.46,3731.26,611.7,1
223,10,2025-04,24989.17,20434.4,4123.05,611.7,1
224,10,2025-05,25106.68,20764.51,4144.2,611.7,1
225,10,2025-06,30951.71,24477.47,5210.58,611.7,1
226,10,2025-07,29655.68,23276.93,4963.02,611.7,1
227,10,2025-08,25555.88,20523.41,4225.06,611.7,1
228,10,2025-09,20602.33,15317.82,3333.42,611.7,1
229,10,2025-10,20767.65,16289.58,3363.18,611.7,1
230,10,2025-11,21986.12,17111.04,3582.5,611.7,1
231,10,2025-12,19145.23,14883.87,3071.14,611.7,1
232,10,2026-01,23176.31,18262.43,3796.74,611.7,1
233,10,2026-02,22113.08,17288.81,3605.35,611.7,1
234,10,2026-03,21611.53,16340.6,3515.08,611.7,1
235,10,2026-04,32252.76,26414.61,5464.29,611.7,1
236,10,2026-05,30003.32,25615.39,5025.65,611.7,1
237,10,2026-06,28239.17,23355.87,4708.05,611.7,1
238,10,2026-07,30326.4,23436.14,5088.65,611.7,1
239,10,2026-08,31340.38,25281.98,5286.37,611.7,0
240,10,2026-09,21633.1,17500.2,3518.96,611.7,1
241,11,2024-10,60968.87,43023.47,6785.02,1114.41,1
242,11,2024-11,48313.76,33675.62,5052.36,1114.41,1
243,11,2024-12,53559.07,35900.73,5760.47,1114.41,1
244,11,2025-01,46269.9,33330.46,4776.44,1114.41,1
245,11,2025-02,66215.69,49086.38,7624.51,1114.41,1
246,11,2025-03,56696.33,37552.84,6184.0,1114.41,1
247,11,2025-04,68884.24,47468.12,8051.48,1114.41,1
248,11,2025-05,78089.18,50399.7,9524.27,1114.41,1
249,11,2025-06,77261.89,52406.27,9391.9,1114.41,1
250,11,2025-07,73826.49,49469.86,8842.24,1114.41,1
251,11,2025-08,73781.65,54422.83,8835.06,1114.41,1
252,11,2025-09,76635.64,54128.08,9291.7,1114.41,0
253,11,2025-10,72033.99,49369.88,8555.44,1114.41,1
254,11,2025-11,59764.75,41204.1,6598.24,1114.41,1
255,11,2025-12,59806.69,39299.6,6603.9,1114.41,1
256,11,2026-01,73402.83,50280.88,8774.45,1114.41,1
257,11,2026-02,69296.47,48948.81,8117.44,1114.41,1
258,11,2026-03,71165.14,50679.71,8416.42,1114.41,1
259,11,2026-04,79103.89,57715.01,9686.62,1114.41,1
260,11,2026-05,83465.33,56140.62,10384.45,1114.41,1
261,11,2026-06,71708.14,47936.76,8503.3,1114.41,1
262,11,2026-07,88530.67,62287.49,11194.91,1114.41,1
263,11,2026-08,70390.23,49803.32,8292.44,1114.41,1
264,11,2026-09,71405.84,50108.1,8454.93,1114.41,1
265,12,2024-10,40061.51,31418.24,3938.3,973.28,1
266,12,2024-11,43189.2,34891.23,4360.54,973.28,1
267,12,2024-12,50549.55,39918.03,5354.19,973.28,1
268,12,2025-01,43477.94,33337.31,4399.52,973.28,1
269,12,2025-02,51308.51,39789.4,5456.65,973.28,1
270,12,2025-03,53793.29,39434.56,5792.09,973.28,1
271,12,2025-04,57993.63,46824.1,6359.14,973.28,1
272,12,2025-05,65104.96,51904.87,7446.79,973.28,1
273,12,2025-06,65714.12,53131.34,7544.26,973.28,1
274,12,2025-07,55581.06,43953.29,6033.44,973.28,1
275,12,2025-08,61303.2,46147.55,6838.51,973.28,1
276,12,2025-09,56982.29,43162.27,6222.61,973.28,1
277,12,2025-10,51471.52,40826.34,5478.66,973.28,1
278,12,2025-11,50260.2,38982.94,5315.13,973.28,1
279,12,2025-12,46247.77,36758.31,4773.45,973.28,1
280,12,2026-01,61028.95,46623.28,6794.63,973.28,1
281,12,2026-02,50552.74,41504.44,5354.62,973.28,1
282,12,2026-03,56717.17,45095.59,6186.82,973.28,1
283,12,2026-04,58983.45,46059.81,6492.77,973.28,1
284,12,2026-05,59789.26,46808.22,6601.55,973.28,0
285,12,2026-06,68257.86,50480.27,7951.26,973.28,1
286,12,2026-07,72924.62,59341.54,8697.94,973.28,0
287,12,2026-08,61000.81,49785.04,6790.13,973.28,0
288,12,2026-09,55744.2,42950.66,6055.47,973.28,0
289,13,2024-10,70406.3,58944.52,8295.01,1247.57,1
290,13,2024-11,70525.12,55069.81,8314.02,1247.57,0
291,13,2024-12,77443.51,63864.29,9420.96,1247.57,1
292,13,2025-01,66190.68,53650.52,7620.51,1247.57,1
293,13,2025-02,68607.62,51069.8,8007.22,1247.57,0
294,13,2025-03,77885.05,62589.22,9491.61,1247.57,1
295,13,2025-04,86401.66,71378.24,10854.27,1247.57,1
296,13,2025-05,95443.24,82767.64,12300.92,1247.57,1
297,13,2025-06,93378.59,75172.82,11970.57,1247.57,1
298,13,2025-07,83878.75,66813.51,10450.6,1247.57,1
299,13,2025-08,92008.5,72328.63,11751.36,1247.57,1
300,13,2025-09,79570.21,63971.27,9761.23,1247.57,1
301,13,2025-10,68904.28,55084.06,8054.68,1247.57,1
302,13,2025-11,66290.99,52528.22,7636.56,1247.57,1
303,13,2025-12,64647.48,52102.61,7373.6,1247.57,1
304,13,2026-01,79506.97,69498.98,9751.12,1247.57,1
305,13,2026-02,76675.16,63164.53,9298.03,1247.57,1
306,13,2026-03,85663.93,72783.43,10736.23,1247.57,1
307,13,2026-04,99751.63,79655.37,12990.26,1247.57,1
308,13,2026-05,98818.31,76937.58,12840.93,1247.57,1
309,13,2026-06,105654.51,84655.58,13934.72,1247.57,1
310,13,2026-07,94592.55,69223.89,12164.81,1247.57,1
311,13,2026-08,99847.83,80362.21,13005.65,1247.57,1
312,13,2026-09,95902.09,75328.71,12374.33,1247.57,1
313,14,2024-10,50788.56,36034.8,5386.46,1018.97,1
314,14,2024-11,53555.53,35345.21,5760.0,1018.97,1
315,14,2024-12,52996.6,35755.04,5684.54,1018.97,1
316,14,2025-01,48244.32,33892.37,5042.98,1018.97,1
317,14,2025-02,51398.22,35377.37,5468.76,1018.97,1
318,14,2025-03,54987.45,37771.43,5953.31,1018.97,1
319,14,2025-04,60111.87,39911.78,6647.9,1018.97,1
320,14,2025-05,66675.51,44137.29,7698.08,1018.97,1
321,14,2025-06,74288.07,50745.03,8916.09,1018.97,1
322,14,2025-07,74016.68,51311.64,8872.67,1018.97,1
323,14,2025-08,60449.51,42265.86,6701.92,1018.97,1
324,14,2025-09,69657.96,50387.73,8175.27,1018.97,1
325,14,2025-10,52136.19,36249.71,5568.39,1018.97,1
326,14,2025-11,56705.68,38297.41,6185.27,1018.97,1
327,14,2025-12,55445.24,37435.62,6015.11,1018.97,1
328,14,2026-01,44506.31,30907.94,4538.35,1018.97,1
329,14,2026-02,62627.95,42029.37,7050.47,1018.97,1
330,14,2026-03,65223.41,42564.93,7465.75,1018.97,1
331,14,2026-04,59962.14,40568.47,6624.89,1018.97,1
332,14,2026-05,71663.19,50523.05,8496.11,1018.97,1
333,14,2026-06,80601.17,54629.71,9926.19,1018.97,1
334,14,2026-07,76947.28,54322.1,9341.56,1018.97,1
335,14,2026-08,69101.58,46500.83,8086.25,1018.97,1
336,14,2026-09,61250.47,43190.28,6830.08,1018.97,1
337,15,2024-10,41347.11,24736.59,5441.78,1039.68,1
338,15,2024-11,38989.79,23716.87,5061.22,1039.68,1
339,15,2024-12,38330.35,25400.38,4600.38,1039.68,1
340,15,2025-01,36370.73,22158.39,4715.01,1039.68,1
341,15,2025-02,41349.3,25633.22,5280.91,1039.68,1
342,15,2025-03,38343.3,23508.9,4943.95,1039.68,1
343,15,2025-04,50006.47,30040.23,6559.31,1039.68,1
344,15,2025-05,50529.49,31603.32,6403.11,1039.68,1
345,15,2025-06,45365.01,26870.26,6019.2,1039.68,1
346,15,2025-07,48172.67,31700.8,5821.58,1039.68,1
347,15,2025-08,52652.73,30788.69,7057.83,1039.68,1
348,15,2025-09,45698.53,28205.81,5858.61,1039.68,1
349,15,2025-10,49839.52,31075.62,6332.99,1039.68,1
350,15,2025-11,38181.7,24174.04,4785.55,1039.68,1
351,15,2025-12,43454.6,26838.15,5567.82,1039.68,1
352,15,2026-01,35342.49,21606.81,4568.23,1039.68,1
353,15,2026-02,43713.83,26188.54,5746.78,1039.68,1
354,15,2026-03,43561.46,27079.5,5549.95,1039.68,1
355,15,2026-04,57866.28,34213.41,7688.99,1039.68,1
356,15,2026-05,54290.79,34938.96,6702.77,1039.68,1
357,15,2026-06,54326.75,34801.21,6736.17,1039.68,1
358,15,2026-07,55185.51,32616.45,7334.93,1039.68,1
359,15,2026-08,51445.99,28989.53,7092.91,1039.68,0
360,15,2026-09,48463.84,30561.59,6096.31,1039.68,1
361,16,2024-10,22110.52,13482.94,3974.2,830.76,1
362,16,2024-11,20941.31,12986.7,3691.97,830.76,1
363,16,2024-12,18706.31,11191.68,3433.93,830.76,1
364,16,2025-01,15723.58,9606.02,2820.27,830.76,1
365,16,2025-02,20481.54,13179.44,3452.03,830.76,1
366,16,2025-03,22338.35,14928.73,3580.62,830.76,0
367,16,2025-04,24618.84,15287.31,4333.68,830.76,1
368,16,2025-05,26534.56,16343.07,4715.4,830.76,1
369,16,2025-06,28434.29,18429.86,4748.19,830.76,0
370,16,2025-07,30788.67,21498.96,4628.26,830.76,1
371,16,2025-08,25983.43,18276.33,3861.78,830.76,1
372,16,2025-09,21519.55,13877.6,3616.93,830.76,1
373,16,2025-10,21195.01,13433.34,3640.51,830.76,1
374,16,2025-11,22242.25,13991.5,3855.49,830.76,1
375,16,2025-12,18668.64,11909.9,3180.71,830.76,1
376,16,2026-01,20987.61,13975.01,3381.07,830.76,1
377,16,2026-02,23721.68,15379.62,3959.82,830.76,1
378,16,2026-03,24571.7,15513.61,4240.4,830.76,1
379,16,2026-04,24543.29,16530.21,3891.51,830.76,1
380,16,2026-05,26740.73,16759.06,4655.94,830.76,1
381,16,2026-06,29525.01,18331.38,5198.13,830.76,1
382,16,2026-07,27036.14,15711.36,5117.3,830.76,1
383,16,2026-08,23187.07,14798.26,3948.63,830.76,1
384,16,2026-09,27214.29,16465.46,4934.7,830.76,1
385,17,2024-10,168175.75,90307.8,30844.72,2896.62,1
386,17,2024-11,133897.15,73995.25,24150.11,2896.62,1
387,17,2024-12,151711.63,80890.55,27629.28,2896.62,0
388,17,2025-01,148812.49,76970.95,27063.08,2896.62,1
389,17,2025-02,152575.53,77834.85,27798.0,2896.62,1
390,17,2025-03,166803.53,96726.16,30576.73,2896.62,1
391,17,2025-04,158124.15,80987.91,28881.65,2896.62,1
392,17,2025-05,187414.89,101111.14,34602.13,2896.62,1
393,17,2025-06,187111.29,95952.38,34542.83,2896.62,1
394,17,2025-07,178503.63,96678.78,32861.76,2896.62,1
395,17,2025-08,169778.15,88679.07,31157.67,2896.62,1
396,17,2025-09,180148.28,93252.66,33182.96,2896.62,1
397,17,2025-10,137886.64,69744.36,24929.26,2896.62,0
398,17,2025-11,126127.07,65972.63,22632.62,2896.62,1
399,17,2025-12,145936.45,74878.38,26501.39,2896.62,1
400,17,2026-01,155044.99,81939.37,28280.29,2896.62,1
401,17,2026-02,164113.41,84041.34,30051.35,2896.62,1
402,17,2026-03,184093.52,100113.49,33953.46,2896.62,1
403,17,2026-04,187966.53,103349.01,34709.86,2896.62,1
404,17,2026-05,226014.48,126501.47,42140.63,2896.62,1
405,17,2026-06,209367.05,114676.19,38889.38,2896.62,1
406,17,2026-07,213572.51,110839.14,39710.71,2896.62,1
407,17,2026-08,173181.67,88555.0,31822.38,2896.62,0
408,17,2026-09,201844.58,111262.18,37420.25,2896.62,0
409,18,2024-10,15392.29,8375.82,705.6,552.75,1
410,18,2024-11,14525.4,8373.9,653.64,552.75,1
411,18,2024-12,14352.43,8067.93,645.86,552.75,1
412,18,2025-01,14017.38,7429.63,630.78,552.75,0
413,18,2025-02,17813.31,10117.29,894.44,552.75,1
414,18,2025-03,18490.87,10932.46,947.29,552.75,1
415,18,2025-04,18005.82,9997.97,909.45,552.75,1
416,18,2025-05,21192.3,12492.35,1158.0,552.75,1
417,18,2025-06,22634.74,13434.21,1270.51,552.75,1
418,18,2025-07,17959.13,10055.51,905.81,552.75,1
419,18,2025-08,19015.21,11093.01,988.19,552.75,1
420,18,2025-09,17021.59,10134.26,832.68,552.75,1
421,18,2025-10,17429.8,10174.18,864.52,552.75,1
422,18,2025-11,16673.04,8462.01,805.5,552.75,1
423,18,2025-12,15386.93,8319.72,705.18,552.75,1
424,18,2026-01,18035.87,9954.75,911.8,552.75,1
425,18,2026-02,20489.72,11324.57,1103.2,552.75,1
426,18,2026-03,19559.01,11196.42,1030.6,552.75,1
427,18,2026-04,22092.9,12192.79,1228.25,552.75,1
428,18,2026-05,22307.11,12942.86,1244.95,552.75,1
429,18,2026-06,23135.67,12973.42,1309.58,552.75,1
430,18,2026-07,21034.37,12494.9,1145.68,552.75,1
431,18,2026-08,21143.53,12244.36,1154.2,552.75,1
432,18,2026-09,22032.81,12564.4,1223.56,552.75,1
433,19,2024-10,29051.0,19624.58,1625.72,743.82,1
434,19,2024-11,32002.53,21541.1,1885.24,743.82,1
435,19,2024-12,31780.68,21178.32,1864.16,743.82,1
436,19,2025-01,26481.59,16523.22,1438.16,743.82,1
437,19,2025-02,29204.29,20286.64,1636.91,743.82,1
438,19,2025-03,38814.24,26727.04,2532.35,743.82,1
439,19,2025-04,36381.15,24167.3,2301.21,743.82,1
440,19,2025-05,37495.16,24790.36,2407.04,743.82,1
441,19,2025-06,34688.05,23201.82,2140.36,743.82,1
442,19,2025-07,40345.87,27607.3,2677.86,743.82,1
443,19,2025-08,40457.92,25080.88,2688.5,743.82,1
444,19,2025-09,33983.2,23057.86,2073.4,743.82,0
445,19,2025-10,26389.01,16941.86,1431.4,743.82,1
446,19,2025-11,35443.63,23734.21,2212.14,743.82,1
447,19,2025-12,27513.94,19257.66,1513.52,743.82,1
448,19,2026-01,32054.54,21034.39,1890.18,743.82,1
449,19,2026-02,36662.1,26894.76,2327.9,743.82,1
450,19,2026-03,41050.29,27765.62,2744.78,743.82,1
451,19,2026-04,44675.44,28115.72,3089.17,743.82,1
452,19,2026-05,43670.53,29932.04,2993.7,743.82,1
453,19,2026-06,45134.09,28969.79,3132.74,743.82,1
454,19,2026-07,43523.9,27995.39,2979.77,743.82,1
455,19,2026-08,37286.78,24200.85,2387.24,743.82,1
456,19,2026-09,34667.92,21449.93,2138.45,743.82,1
457,20,2024-10,21291.26,13715.37,3476.86,706.64,1
458,20,2024-11,18486.78,11426.15,3018.89,706.64,1
459,20,2024-12,18746.12,11942.61,3061.24,706.64,1
460,20,2025-01,18023.0,10181.04,2943.16,706.64,1
461,20,2025-02,21797.68,12284.86,3559.56,706.64,1
462,20,2025-03,24173.3,14747.47,3947.5,706.64,1
463,20,2025-04,26361.98,16079.32,4304.91,706.64,1
464,20,2025-05,25932.04,15720.14,4234.7,706.64,1
465,20,2025-06,22607.11,13328.09,3691.74,706.64,1
466,20,2025-07,30412.53,16545.9,4966.37,706.64,1
467,20,2025-08,23545.24,14577.55,3844.94,706.64,1
468,20,2025-09,26158.76,15691.92,4271.73,706.64,1
469,20,2025-10,23730.36,13745.66,3875.17,706.64,1
470,20,2025-11,26257.2,16100.74,4287.8,706.64,1
471,20,2025-12,19532.03,12330.7,3189.58,706.64,1
472,20,2026-01,24423.24,14551.31,3988.32,706.64,1
473,20,2026-02,22927.54,12467.14,3744.07,706.64,0
474,20,2026-03,25507.74,14607.18,4165.41,706.64,1
475,20,2026-04,27173.27,17454.9,4437.39,706.64,1
476,20,2026-05,28909.68,18072.55,4720.95,706.64,1
477,20,2026-06,28933.52,17881.33,4724.84,706.64,1
478,20,2026-07,28760.26,16243.75,4696.55,706.64,1
479,20,2026-08,31859.31,18426.29,5202.63,706.64,1
480,20,2026-09,24496.9,13935.9,4000.34,706.64,0
481,21,2024-10,135464.67,94017.76,18704.35,1924.18,1
482,21,2024-11,108460.58,70715.86,14383.69,1924.18,1
483,21,2024-12,120551.36,77333.4,16318.22,1924.18,0
484,21,2025-01,122558.06,75914.66,16639.29,1924.18,1
485,21,2025-02,107982.21,67263.06,14307.15,1924.18,1
486,21,2025-03,134849.55,82234.84,18605.93,1924.18,1
487,21,2025-04,153147.65,91596.94,21691.01,1924.18,1
488,21,2025-05,144710.81,94503.56,20183.73,1924.18,1
489,21,2025-06,171448.19,107198.61,25534.12,1924.18,1
490,21,2025-07,139647.7,93863.82,19373.63,1924.18,1
491,21,2025-08,118426.14,83058.57,15978.18,1924.18,1
492,21,2025-09,130943.27,83594.63,17980.92,1924.18,1
493,21,2025-10,134079.25,79977.4,18482.68,1924.18,1
494,21,2025-11,130728.49,83635.54,17946.56,1924.18,1
495,21,2025-12,124783.72,86562.94,16995.4,1924.18,1
496,21,2026-01,130489.46,76402.86,17908.31,1924.18,1
497,21,2026-02,151421.98,92398.1,21328.62,1924.18,1
498,21,2026-03,148285.63,90101.6,20755.7,1924.18,1
499,21,2026-04,154690.09,96179.29,22014.92,1924.18,1
500,21,2026-05,179663.28,111296.08,27259.29,1924.18,1
501,21,2026-06,178948.6,113020.31,27109.21,1924.18,1
502,21,2026-07,209899.24,137588.34,33608.84,1924.18,0
503,21,2026-08,163556.97,100160.13,23876.96,1924.18,1
504,21,2026-09,174073.73,106379.79,26085.48,1924.18,1
505,22,2024-10,20368.07,11500.43,3326.11,713.82,0
506,22,2024-11,19306.54,11002.95,3152.76,713.82,1
507,22,2024-12,22220.71,13023.44,3628.64,713.82,1
508,22,2025-01,21551.25,13117.68,3519.32,713.82,1
509,22,2025-02,22951.71,14611.33,3748.01,713.82,0
510,22,2025-03,25873.57,15872.4,4225.15,713.82,1
511,22,2025-04,27185.63,16415.99,4439.41,713.82,1
512,22,2025-05,28037.31,15533.81,4578.49,713.82,1
513,22,2025-06,26417.3,15086.5,4313.95,713.82,1
514,22,2025-07,28562.64,15455.43,4664.28,713.82,1
515,22,2025-08,28899.19,17094.75,4719.24,713.82,0
516,22,2025-09,24558.98,14424.46,4010.48,713.82,1
517,22,2025-10,19878.5,11765.92,3246.16,713.82,1
518,22,2025-11,18534.14,11081.1,3026.63,713.82,1
519,22,2025-12,21295.88,12921.81,3477.62,713.82,1
520,22,2026-01,22455.24,13674.27,3666.94,713.82,1
521,22,2026-02,22910.79,13223.1,3741.33,713.82,1
522,22,2026-03,29115.15,16101.65,4754.5,713.82,1
523,22,2026-04,25085.57,14806.61,4096.47,713.82,1
524,22,2026-05,23310.84,13387.51,3806.66,713.82,1
525,22,2026-06,29224.95,17850.18,4772.43,713.82,1
526,22,2026-07,27392.22,16667.41,4473.15,713.82,0
527,22,2026-08,32390.66,18854.2,5289.39,713.82,1
528,22,2026-09,26775.79,16158.97,4372.49,713.82,1
529,23,2024-10,27254.6,20174.03,2272.52,703.55,1
530,23,2024-11,24610.8,19624.78,1976.41,703.55,1
531,23,2024-12,29266.84,20614.44,2497.89,703.55,1
532,23,2025-01,27818.6,21092.45,2335.68,703.55,1
533,23,2025-02,26578.39,19653.42,2196.78,703.55,1
534,23,2025-03,27359.9,20875.5,2284.31,703.55,1
535,23,2025-04,34215.81,26542.48,3149.13,703.55,1
536,23,2025-05,35213.35,28289.6,3283.8,703.55,1
537,23,2025-06,34998.95,26633.01,3254.86,703.55,1
538,23,2025-07,33174.11,24580.06,3008.5,703.55,1
539,23,2025-08,28673.82,21031.87,2431.47,703.55,0
540,23,2025-09,30899.35,21282.06,2701.41,703.55,1
541,23,2025-10,29771.37,22085.03,2554.39,703.55,1
542,23,2025-11,29773.23,20894.79,2554.6,703.55,1
543,23,2025-12,30836.73,22131.3,2692.96,703.55,1
544,23,2026-01,31245.51,22717.4,2748.14,703.55,1
545,23,2026-02,31300.09,24119.56,2755.51,703.55,1
546,23,2026-03,31190.12,22087.09,2740.67,703.55,0
547,23,2026-04,33688.36,24028.79,3077.93,703.55,1
548,23,2026-05,35551.18,26394.46,3329.41,703.55,1
549,23,2026-06,36950.65,27442.53,3518.34,703.55,1
550,23,2026-07,39908.85,28711.61,3917.69,703.55,0
551,23,2026-08,34519.72,24543.84,3190.16,703.55,0
552,23,2026-09,37345.97,26663.68,3571.71,703.55,1
553,24,2024-10,17788.06,10300.84,892.47,561.52,1
554,24,2024-11,14165.72,8093.23,637.46,561.52,1
555,24,2024-12,17872.63,10391.84,899.07,561.52,1
556,24,2025-01,14997.33,8806.36,674.88,561.52,1
557,24,2025-02,17081.43,10928.12,837.35,561.52,1
558,24,2025-03,20454.33,12224.59,1100.44,561.52,1
559,24,2025-04,17564.75,10329.94,875.05,561.52,1
560,24,2025-05,20622.9,11140.63,1113.59,561.52,1
561,24,2025-06,20899.91,12137.67,1135.19,561.52,1
562,24,2025-07,20960.78,12591.9,1139.94,561.52,1
563,24,2025-08,18940.22,11325.92,982.34,561.52,1
564,24,2025-09,18599.87,10742.18,955.79,561.52,1
565,24,2025-10,17786.42,11010.29,892.34,561.52,1
566,24,2025-11,18995.28,11607.37,986.63,561.52,1
567,24,2025-12,17704.39,9851.61,885.94,561.52,1
568,24,2026-01,15404.87,8956.73,706.58,561.52,1
569,24,2026-02,17633.65,10464.89,880.42,561.52,1
570,24,2026-03,20817.32,11606.74,1128.75,561.52,1
571,24,2026-04,20961.24,11817.37,1139.98,561.52,1
572,24,2026-05,21097.0,12464.71,1150.57,561.52,1
573,24,2026-06,24575.27,13948.83,1421.87,561.52,1
574,24,2026-07,21549.08,12967.07,1185.83,561.52,1
575,24,2026-08,24491.12,14196.22,1415.31,561.52,1
576,24,2026-09,21436.64,13194.81,1177.06,561.52,1
577,25,2024-10,37301.08,24805.34,2388.6,796.32,1
578,25,2024-11,35869.89,23631.67,2252.64,796.32,1
579,25,2024-12,32543.27,21600.51,1936.61,796.32,1
580,25,2025-01,32372.69,22078.87,1920.41,796.32,1
581,25,2025-02,37349.71,25049.41,2393.22,796.32,0
582,25,2025-03,31852.92,20982.05,1871.03,796.32,1
583,25,2025-04,39344.22,26118.18,2582.7,796.32,1
584,25,2025-05,46761.62,30110.83,3287.35,796.32,1
585,25,2025-06,38800.35,26375.1,2531.03,796.32,1
586,25,2025-07,47961.04,30549.07,3401.3,796.32,1
587,25,2025-08,50927.74,32567.76,3683.14,796.32,1
588,25,2025-09,39570.73,25103.42,2604.22,796.32,1
589,25,2025-10,42909.89,27583.3,2921.44,796.32,1
590,25,2025-11,39076.9,26993.31,2557.31,796.32,1
591,25,2025-12,38407.49,24523.01,2493.71,796.32,0
592,25,2026-01,32231.61,20110.16,1907.0,796.32,1
593,25,2026-02,36721.28,26503.99,2333.52,796.32,0
594,25,2026-03,40086.67,27361.51,2653.23,796.32,1
595,25,2026-04,47518.94,29901.07,3359.3,796.32,1
596,25,2026-05,53740.06,34844.96,3950.31,796.32,1
597,25,2026-06,53650.14,35685.48,3941.76,796.32,1
598,25,2026-07,47593.59,30529.15,3366.39,796.32,1
599,25,2026-08,47432.11,32817.65,3351.05,796.32,1
600,25,2026-09,38528.42,25899.44,2505.2,796.32,1
601,26,2024-10,55574.11,38629.99,10011.95,1045.59,1
602,26,2024-11,46972.36,32525.43,8334.61,1045.59,1
603,26,2024-12,41411.07,28779.89,7250.16,1045.59,1
604,26,2025-01,50381.94,31754.19,8999.48,1045.59,1
605,26,2025-02,50214.48,33039.63,8966.82,1045.59,1
606,26,2025-03,49202.88,33836.18,8769.56,1045.59,1
607,26,2025-04,59733.78,40959.6,10823.09,1045.59,0
608,26,2025-05,60662.61,43486.54,11010.84,1045.59,1
609,26,2025-06,72330.6,48674.07,13402.77,1045.59,1
610,26,2025-07,67652.34,46985.97,12443.73,1045.59,1
611,26,2025-08,73340.03,47467.59,13609.71,1045.59,1
612,26,2025-09,72632.94,49104.61,13464.75,1045.59,1
613,26,2025-10,69306.51,46937.88,12782.83,1045.59,1
614,26,2025-11,58953.82,37497.3,10670.99,1045.59,1
615,26,2025-12,60075.53,39187.31,10890.48,1045.59,1
616,26,2026-01,57286.02,38265.86,10345.77,1045.59,1
617,26,2026-02,63230.52,38765.03,11537.26,1045.59,1
618,26,2026-03,63721.52,42075.55,11637.91,1045.59,1
619,26,2026-04,64283.35,43925.88,11753.09,1045.59,1
620,26,2026-05,71526.71,45140.59,13237.98,1045.59,1
621,26,2026-06,79555.76,51063.84,14883.93,1045.59,0
622,26,2026-07,82998.72,57698.77,15589.74,1045.59,1
623,26,2026-08,71543.7,45689.46,13241.46,1045.59,1
624,26,2026-09,70331.73,49064.47,12993.0,1045.59,1
625,27,2024-10,56274.96,41051.62,6077.31,1238.43,1
626,27,2024-11,50661.7,36315.28,5586.59,1238.43,1
627,27,2024-12,48819.38,35811.05,5236.49,1238.43,0
628,27,2025-01,56342.55,39586.05,6357.28,1238.43,1
629,27,2025-02,52623.01,36764.16,5975.14,1238.43,0
630,27,2025-03,56318.53,37707.89,6689.6,1238.43,1
631,27,2025-04,60968.68,46727.76,6178.81,1238.43,1
632,27,2025-05,71207.33,48230.56,8358.41,1238.43,1
633,27,2025-06,71592.07,54155.35,7384.02,1238.43,1
634,27,2025-07,70504.06,50349.4,7808.73,1238.43,1
635,27,2025-08,64366.02,44937.68,7314.01,1238.43,1
636,27,2025-09,63306.31,45633.87,6935.1,1238.43,1
637,27,2025-10,50264.73,37565.97,5266.48,1238.43,1
638,27,2025-11,57676.38,42991.93,6063.41,1238.43,1
639,27,2025-12,55893.72,39057.89,6344.95,1238.43,1
640,27,2026-01,53740.46,37916.98,6035.04,1238.43,1
641,27,2026-02,58510.37,41030.73,6616.0,1238.43,1
642,27,2026-03,64800.56,44086.29,7571.24,1238.43,1
643,27,2026-04,68000.99,46895.13,7831.51,1238.43,1
644,27,2026-05,68744.56,52393.94,7019.66,1238.43,1
645,27,2026-06,76738.79,54030.35,8638.13,1238.43,1
646,27,2026-07,75173.24,52857.58,8474.59,1238.43,1
647,27,2026-08,71914.8,53605.23,7560.27,1238.43,1
648,27,2026-09,76784.83,52267.49,8966.46,1238.43,1
649,28,2024-10,31298.76,21920.95,1974.88,791.42,1
650,28,2024-11,32112.05,21741.75,2056.2,791.42,1
651,28,2024-12,28941.52,18634.87,1762.44,791.42,1
652,28,2025-01,33134.34,21546.37,2158.43,791.42,1
653,28,2025-02,33191.86,21337.12,2164.19,791.42,1
654,28,2025-03,39874.91,27613.88,2832.49,791.42,1
655,28,2025-04,41057.11,26358.64,2950.71,791.42,1
656,28,2025-05,40548.75,26320.04,2899.88,791.42,1
657,28,2025-06,47518.35,31148.92,3596.84,791.42,1
658,28,2025-07,45875.18,29657.54,3432.52,791.42,1
659,28,2025-08,44742.32,29550.04,3319.23,791.42,1
660,28,2025-09,43175.17,29563.94,3162.52,791.42,1
661,28,2025-10,34962.03,24240.26,2341.2,791.42,1
662,28,2025-11,33247.55,20682.78,2169.76,791.42,1
663,28,2025-12,33383.33,20415.57,2183.33,791.42,1
664,28,2026-01,32175.69,19991.05,2062.57,791.42,1
665,28,2026-02,36283.38,23622.44,2473.34,791.42,1
666,28,2026-03,44505.96,28667.13,3295.6,791.42,1
667,28,2026-04,42250.6,29514.44,3070.06,791.42,1
668,28,2026-05,43654.8,28507.75,3210.48,791.42,1
669,28,2026-06,50952.72,35702.21,3940.27,791.42,1
670,28,2026-07,46451.24,30220.79,3490.12,791.42,1
671,28,2026-08,47431.18,31155.88,3588.12,791.42,1
672,28,2026-09,43893.0,26259.06,3234.3,791.42,1
673,29,2024-10,12311.82,7646.13,738.71,508.3,1
674,29,2024-11,11231.28,7444.45,673.88,508.3,0
675,29,2024-12,10581.76,7137.33,634.91,508.3,1
676,29,2025-01,11283.87,6971.24,677.03,508.3,1
677,29,2025-02,13249.22,8102.96,794.95,508.3,0
678,29,2025-03,14506.9,9342.85,870.41,508.3,0
679,29,2025-04,13533.77,9313.43,812.03,508.3,1
680,29,2025-05,16036.36,9749.88,1016.07,508.3,1
681,29,2025-06,17402.34,12159.0,1169.06,508.3,1
682,29,2025-07,17572.71,11211.3,1188.14,508.3,1
683,29,2025-08,15316.75,10184.99,935.48,508.3,1
684,29,2025-09,15432.43,10624.97,948.43,508.3,1
685,29,2025-10,11923.5,7906.0,715.41,508.3,1
686,29,2025-11,10268.21,6931.46,616.09,508.3,1
687,29,2025-12,11993.16,8505.19,719.59,508.3,1
688,29,2026-01,12080.39,7931.22,724.82,508.3,1
689,29,2026-02,12925.29,8582.35,775.52,508.3,1
690,29,2026-03,14444.91,10075.96,866.69,508.3,1
691,29,2026-04,17264.85,11528.14,1153.66,508.3,1
692,29,2026-05,19171.57,12526.32,1367.22,508.3,1
693,29,2026-06,16258.09,10522.57,1040.91,508.3,1
694,29,2026-07,16930.41,11300.23,1116.21,508.3,1
695,29,2026-08,15791.74,10328.27,988.67,508.3,1
696,29,2026-09,14695.87,9152.33,881.75,508.3,1
697,30,2024-10,144704.35,104987.26,13608.37,2529.21,1
698,30,2024-11,150893.12,104588.09,14302.72,2529.21,1
699,30,2024-12,180308.82,123252.12,18509.16,2529.21,1
700,30,2025-01,169570.93,120703.57,16973.64,2529.21,1
701,30,2025-02,187813.79,145050.64,19582.37,2529.21,1
702,30,2025-03,184350.89,138764.68,19087.18,2529.21,0
703,30,2025-04,237325.28,167518.89,26662.52,2529.21,1
704,30,2025-05,194997.71,152662.32,20609.67,2529.21,1
705,30,2025-06,182956.59,131491.2,18887.79,2529.21,1
706,30,2025-07,253673.75,180754.15,29000.35,2529.21,1
707,30,2025-08,220847.94,169648.36,24306.26,2529.21,1
708,30,2025-09,214012.05,157792.08,23328.72,2529.21,1
709,30,2025-10,185249.01,133965.39,19215.61,2529.21,1
710,30,2025-11,159732.16,111152.55,15566.7,2529.21,1
711,30,2025-12,152621.73,115408.66,14549.91,2529.21,1
712,30,2026-01,175653.89,122996.21,17843.51,2529.21,1
713,30,2026-02,196648.72,146268.28,20845.77,2529.21,1
714,30,2026-03,222672.44,157257.78,24567.16,2529.21,1
715,30,2026-04,195311.49,145389.71,20654.54,2529.21,1
716,30,2026-05,228521.67,172738.69,25403.6,2529.21,1
717,30,2026-06,187672.37,135778.66,19562.15,2529.21,1
718,30,2026-07,260114.56,206596.84,29921.38,2529.21,1
719,30,2026-08,230949.3,165147.73,25750.75,2529.21,1
720,30,2026-09,226102.21,171730.7,25057.62,2529.21,1
721,31,2024-10,119597.39,79444.87,23092.46,1728.25,1
722,31,2024-11,110069.92,78112.43,21139.33,1728.25,1
723,31,2024-12,93617.98,63399.81,17766.69,1728.25,1
724,31,2025-01,111721.91,73102.48,21477.99,1728.25,1
725,31,2025-02,114989.62,81112.13,22147.87,1728.25,1
726,31,2025-03,133956.77,94230.73,26036.14,1728.25,1
727,31,2025-04,135227.89,99996.51,26296.72,1728.25,1
728,31,2025-05,151097.22,103165.26,29577.36,1728.25,0
729,31,2025-06,129635.49,82759.8,25150.28,1728.25,0
730,31,2025-07,131468.32,92503.35,25526.01,1728.25,1
731,31,2025-08,148617.19,103658.02,29041.52,1728.25,1
732,31,2025-09,117868.94,78766.16,22738.13,1728.25,1
733,31,2025-10,111368.02,76860.11,21405.44,1728.25,1
734,31,2025-11,97842.5,66791.36,18632.71,1728.25,1
735,31,2025-12,109948.37,81520.23,21114.42,1728.25,1
736,31,2026-01,109122.23,70398.34,20945.06,1728.25,1
737,31,2026-02,103667.73,73605.57,19826.88,1728.25,0
738,31,2026-03,131127.35,88223.95,25456.11,1728.25,0
739,31,2026-04,157085.86,105416.29,30954.75,1728.25,1
740,31,2026-05,139855.54,99873.04,27245.39,1728.25,1
741,31,2026-06,139327.79,90797.13,27137.2,1728.25,1
742,31,2026-07,157285.85,119676.26,31000.75,1728.25,1
743,31,2026-08,156251.21,108892.81,30762.78,1728.25,1
744,31,2026-09,132976.72,90896.23,25835.23,1728.25,1
745,32,2024-10,21356.37,12805.78,1170.8,589.99,1
746,32,2024-11,18005.58,11416.72,909.44,589.99,1
747,32,2024-12,18483.83,12071.44,946.74,589.99,1
748,32,2025-01,18806.54,11215.35,971.91,589.99,1
749,32,2025-02,22570.8,15225.84,1265.52,589.99,1
750,32,2025-03,18455.87,11923.24,944.56,589.99,1
751,32,2025-04,21472.61,14477.35,1179.86,589.99,1
752,32,2025-05,23614.16,14158.1,1346.9,589.99,1
753,32,2025-06,24647.15,15547.81,1427.48,589.99,1
754,32,2025-07,27879.83,17221.5,1679.63,589.99,1
755,32,2025-08,21716.23,14772.29,1198.87,589.99,1
756,32,2025-09,22337.28,14083.44,1247.31,589.99,1
757,32,2025-10,22002.25,13761.52,1221.18,589.99,1
758,32,2025-11,21387.98,13922.25,1173.26,589.99,1
759,32,2025-12,20036.98,13814.89,1067.88,589.99,0
760,32,2026-01,21330.97,13638.44,1168.82,589.99,1
761,32,2026-02,21038.49,13539.32,1146.0,589.99,1
762,32,2026-03,19815.83,12378.04,1050.63,589.99,1
763,32,2026-04,28456.47,18951.87,1724.6,589.99,1
764,32,2026-05,24955.52,16149.02,1451.53,589.99,1
765,32,2026-06,24371.03,15193.19,1405.94,589.99,1
766,32,2026-07,25717.09,15983.18,1510.93,589.99,1
767,32,2026-08,24750.38,16722.21,1435.53,589.99,1
768,32,2026-09,23110.09,15077.72,1307.59,589.99,1
769,33,2024-10,54865.7,34223.13,5936.87,1101.96,1
770,33,2024-11,57801.78,38528.99,6333.24,1101.96,1
771,33,2024-12,52414.16,32677.18,5605.91,1101.96,1
772,33,2025-01,53812.01,33414.1,5794.62,1101.96,0
773,33,2025-02,60670.54,36667.93,6737.29,1101.96,1
774,33,2025-03,70366.4,43584.95,8288.62,1101.96,1
775,33,2025-04,66444.4,44019.44,7661.1,1101.96,1
776,33,2025-05,69966.23,43693.45,8224.6,1101.96,0
777,33,2025-06,77853.3,49701.16,9486.53,1101.96,1
778,33,2025-07,72521.44,39242.53,8633.43,1101.96,1
779,33,2025-08,61715.61,39507.05,6904.5,1101.96,1
780,33,2025-09,69671.42,43480.49,8177.43,1101.96,1
781,33,2025-10,62851.72,38969.76,7086.28,1101.96,1
782,33,2025-11,55744.43,37019.0,6055.5,1101.96,1
783,33,2025-12,63760.42,40016.92,7231.67,1101.96,1
784,33,2026-01,60233.43,38892.2,6667.35,1101.96,1
785,33,2026-02,66636.61,41105.99,7691.86,1101.96,1
786,33,2026-03,80634.12,50545.77,9931.46,1101.96,1
787,33,2026-04,86095.09,56955.42,10805.21,1101.96,1
788,33,2026-05,78959.37,54768.39,9663.5,1101.96,1
789,33,2026-06,87250.66,54934.39,10990.11,1101.96,1
790,33,2026-07,73867.77,47591.15,8848.84,1101.96,0
791,33,2026-08,77697.86,46948.38,9461.66,1101.96,1
792,33,2026-09,72247.31,43133.8,8589.57,1101.96,1
793,34,2024-10,106877.6,95125.36,8453.24,2042.61,1
794,34,2024-11,88381.87,68202.77,8873.28,2042.61,1
795,34,2024-12,88559.9,69124.08,8750.05,2042.61,1
796,34,2025-01,101552.74,83184.01,9328.45,2042.61,1
797,34,2025-02,102711.35,84295.03,9405.72,2042.61,1
798,34,2025-03,100647.21,79001.54,9864.6,2042.61,1
799,34,2025-04,134614.17,113215.61,11834.36,2042.61,1
800,34,2025-05,114121.39,91878.22,10771.17,2042.61,1
801,34,2025-06,130279.54,103382.59,12567.03,2042.61,1
802,34,2025-07,124089.3,102608.45,11225.05,2042.61,1
803,34,2025-08,119940.54,95470.68,11517.05,2042.61,1
804,34,2025-09,122591.74,96955.2,11884.27,2042.61,1
805,34,2025-10,103881.38,78125.41,10796.24,2042.61,1
806,34,2025-11,93016.72,76392.96,8508.17,2042.61,1
807,34,2025-12,86744.0,66736.29,8745.31,2042.61,1
808,34,2026-01,96322.77,73374.38,9842.65,2042.61,1
809,34,2026-02,108264.57,87899.58,10085.79,2042.61,1
810,34,2026-03,123110.93,95477.1,12274.57,2042.61,1
811,34,2026-04,136154.2,109059.83,12950.93,2042.61,1
812,34,2026-05,125728.58,101201.71,11870.54,2042.61,1
813,34,2026-06,138204.76,107102.62,13793.93,2042.61,1
814,34,2026-07,167330.01,132171.85,16251.14,2042.61,0
815,34,2026-08,137775.27,98850.86,15176.47,2042.61,1
816,34,2026-09,118173.82,99720.56,10329.29,2042.61,1
817,35,2024-10,127694.89,101817.78,17461.18,2116.46,1
818,35,2024-11,129235.47,101626.53,17707.68,2116.46,1
819,35,2024-12,113354.38,90358.71,15166.7,2116.46,1
820,35,2025-01,151818.18,125571.04,21411.82,2116.46,1
821,35,2025-02,153829.61,128781.91,21834.22,2116.46,1
822,35,2025-03,166353.11,133180.64,24464.15,2116.46,0
823,35,2025-04,168218.26,136947.11,24855.83,2116.46,1
824,35,2025-05,164647.78,121295.56,24106.03,2116.46,1
825,35,2025-06,150925.8,121732.06,21224.42,2116.46,1
826,35,2025-07,154402.38,127617.32,21954.5,2116.46,1
827,35,2025-08,172215.66,147767.91,25695.29,2116.46,1
828,35,2025-09,144707.08,121226.7,20183.13,2116.46,1
829,35,2025-10,154230.83,128697.67,21918.47,2116.46,1
830,35,2025-11,134702.13,104769.14,18582.34,2116.46,1
831,35,2025-12,138041.73,104590.0,19116.68,2116.46,1
832,35,2026-01,150080.35,120379.31,21046.87,2116.46,0
833,35,2026-02,130379.52,101586.71,17890.72,2116.46,1
834,35,2026-03,167660.26,131700.22,24738.65,2116.46,0
835,35,2026-04,180188.85,145039.36,27369.66,2116.46,1
836,35,2026-05,202461.95,159784.54,32047.01,2116.46,1
837,35,2026-06,203341.14,170907.34,32231.64,2116.46,1
838,35,2026-07,196664.64,158457.65,30829.57,2116.46,1
839,35,2026-08,201213.58,167974.09,31784.85,2116.46,0
840,35,2026-09,186515.18,150739.8,28698.19,2116.46,1
841,36,2024-10,35249.13,20904.59,2193.67,808.26,1
842,36,2024-11,33782.43,20824.85,2054.33,808.26,1
843,36,2024-12,30647.67,21486.06,1756.53,808.26,1
844,36,2025-01,34428.32,20868.86,2115.69,808.26,1
845,36,2025-02,35291.82,24574.45,2197.72,808.26,1
846,36,2025-03,32576.55,21123.92,1939.77,808.26,1
847,36,2025-04,41589.28,24593.52,2795.98,808.26,1
848,36,2025-05,51665.4,30862.3,3753.21,808.26,1
849,36,2025-06,44601.42,31555.63,3082.13,808.26,1
850,36,2025-07,45560.91,30768.69,3173.29,808.26,1
851,36,2025-08,42235.38,28091.1,2857.36,808.26,1
852,36,2025-09,35604.24,24897.74,2227.4,808.26,1
853,36,2025-10,36829.19,24141.46,2343.77,808.26,1
854,36,2025-11,32711.0,20732.55,1952.54,808.26,1
855,36,2025-12,36303.32,24532.89,2293.82,808.26,1
856,36,2026-01,38682.1,25619.04,2519.8,808.26,0
857,36,2026-02,40574.07,25251.24,2699.54,808.26,1
858,36,2026-03,44961.5,29097.39,3116.34,808.26,1
859,36,2026-04,47399.95,29714.69,3348.0,808.26,0
860,36,2026-05,49233.45,30806.38,3522.18,808.26,1
861,36,2026-06,53883.99,34021.66,3963.98,808.26,0
862,36,2026-07,49195.27,31422.88,3518.55,808.26,1
863,36,2026-08,45371.0,28824.67,3155.24,808.26,1
864,36,2026-09,44278.74,30389.51,3051.48,808.26,1
865,37,2024-10,61999.37,54095.53,10124.5,1445.1,1
866,37,2024-11,61856.77,52496.9,10101.21,1445.1,1
867,37,2024-12,70528.59,58375.98,11774.23,1445.1,1
868,37,2025-01,67350.75,54298.35,11153.6,1445.1,0
869,37,2025-02,49699.22,42370.29,8115.88,1445.1,1
870,37,2025-03,75731.57,64507.7,12790.38,1445.1,1
871,37,2025-04,76825.0,65336.33,13003.92,1445.1,1
872,37,2025-05,79354.18,67797.29,13497.87,1445.1,1
873,37,2025-06,74814.17,62212.54,12611.21,1445.1,1
874,37,2025-07,77473.42,64609.2,13130.56,1445.1,1
875,37,2025-08,69479.54,54421.96,11569.35,1445.1,1
876,37,2025-09,65441.88,54121.67,10780.8,1445.1,1
877,37,2025-10,72936.49,56856.33,12244.5,1445.1,0
878,37,2025-11,66486.97,56244.73,10984.91,1445.1,1
879,37,2025-12,58671.57,50022.59,9581.07,1445.1,1
880,37,2026-01,68673.68,54921.93,11411.97,1445.1,1
881,37,2026-02,72038.75,61029.65,12069.17,1445.1,1
882,37,2026-03,78475.3,63917.98,13326.23,1445.1,1
883,37,2026-04,85624.29,70285.42,14722.42,1445.1,1
884,37,2026-05,91912.37,71066.02,15950.49,1445.1,1
885,37,2026-06,94455.2,78305.82,16447.1,1445.1,1
886,37,2026-07,81647.71,62890.97,13945.8,1445.1,1
887,37,2026-08,89677.26,79742.76,15513.97,1445.1,0
888,37,2026-09,75371.64,63775.11,12720.08,1445.1,1
889,38,2024-10,67374.11,52828.39,11158.16,1672.6,1
890,38,2024-11,76646.64,55646.31,12969.09,1672.6,1
891,38,2024-12,73010.08,54362.5,12258.87,1672.6,1
892,38,2025-01,65448.03,49120.1,10782.0,1672.6,1
893,38,2025-02,82133.96,58842.94,14040.76,1672.6,1
894,38,2025-03,81236.39,61228.17,13865.47,1672.6,1
895,38,2025-04,96896.95,69832.48,16923.97,1672.6,1
896,38,2025-05,102616.15,75030.31,18040.93,1672.6,1
897,38,2025-06,105273.16,81283.84,18559.85,1672.6,1
898,38,2025-07,99093.89,72867.45,17353.04,1672.6,1
899,38,2025-08,100765.61,66915.0,17679.52,1672.6,1
900,38,2025-09,81420.56,55902.08,13901.44,1672.6,1
901,38,2025-10,81820.2,59974.17,13979.49,1672.6,1
902,38,2025-11,75317.45,55138.26,12709.5,1672.6,1
903,38,2025-12,72533.96,50175.06,12165.88,1672.6,1
904,38,2026-01,77123.2,52366.66,13062.16,1672.6,1
905,38,2026-02,84810.12,57805.69,14563.42,1672.6,1
906,38,2026-03,83677.03,60489.92,14342.12,1672.6,0
907,38,2026-04,110002.29,81365.22,19483.45,1672.6,1
908,38,2026-05,113365.51,75852.29,20140.28,1672.6,1
909,38,2026-06,120817.67,85043.45,21595.69,1672.6,1
910,38,2026-07,112409.13,73841.06,19953.5,1672.6,1
911,38,2026-08,110761.98,78879.02,19631.81,1672.6,1
912,38,2026-09,105316.8,71668.99,18568.37,1672.6,1
913,39,2024-10,77607.99,56013.78,6429.05,1398.57,1
914,39,2024-11,70550.71,56716.59,5673.93,1398.57,1
915,39,2024-12,87474.72,62490.5,7484.8,1398.57,1
916,39,2025-01,70383.18,49760.77,5656.0,1398.57,1
917,39,2025-02,87935.32,62345.78,7534.08,1398.57,1
918,39,2025-03,85077.6,63892.94,7228.3,1398.57,1
919,39,2025-04,103126.82,71503.05,9159.57,1398.57,1
920,39,2025-05,108946.96,80005.93,9782.32,1398.57,1
921,39,2025-06,92429.05,65291.08,8014.91,1398.57,1
922,39,2025-07,102952.86,73432.32,9140.96,1398.57,1
923,39,2025-08,114143.58,84145.86,10338.36,1398.57,1
924,39,2025-09,105342.74,80152.91,9396.67,1398.57,0
925,39,2025-10,84279.53,59053.32,7142.91,1398.57,1
926,39,2025-11,80710.69,59767.2,6761.04,1398.57,1
927,39,2025-12,86238.24,65000.89,7352.49,1398.57,1
928,39,2026-01,78289.91,53447.28,6502.02,1398.57,1
929,39,2026-02,84213.89,61271.69,7135.89,1398.57,1
930,39,2026-03,89389.09,63813.92,7689.63,1398.57,1
931,39,2026-04,108456.4,78898.94,9729.83,1398.57,1
932,39,2026-05,111742.54,80074.33,10081.45,1398.57,1
933,39,2026-06,134120.31,97492.84,12475.87,1398.57,1
934,39,2026-07,128029.82,101379.67,11824.19,1398.57,1
935,39,2026-08,128277.64,96278.98,11850.71,1398.57,1
936,39,2026-09,101552.56,77692.94,8991.12,1398.57,1
937,40,2024-10,38827.85,22932.38,3771.76,860.94,1
938,40,2024-11,34227.47,19838.07,3150.71,860.94,1
939,40,2024-12,39989.01,21501.29,3928.52,860.94,1
940,40,2025-01,39399.53,23694.09,3848.94,860.94,1
941,40,2025-02,41355.19,22974.3,4112.95,860.94,1
942,40,2025-03,41749.24,24510.96,4166.15,860.94,1
943,40,2025-04,45196.08,26271.75,4631.47,860.94,1
944,40,2025-05,54814.48,29820.62,5929.95,860.94,1
945,40,2025-06,56394.91,30849.8,6143.31,860.94,0
946,40,2025-07,54990.84,32822.97,5953.76,860.94,1
947,40,2025-08,39161.16,20723.43,3816.76,860.94,1
948,40,2025-09,45815.3,26371.84,4715.07,860.94,1
949,40,2025-10,40747.72,23031.41,4030.94,860.94,1
950,40,2025-11,40746.91,22303.09,4030.83,860.94,1
951,40,2025-12,42875.05,23281.57,4318.13,860.94,1
952,40,2026-01,40038.68,21012.76,3935.22,860.94,1
953,40,2026-02,41802.78,24314.0,4173.38,860.94,1
954,40,2026-03,45310.25,24089.27,4646.88,860.94,1
955,40,2026-04,52085.21,29008.29,5561.5,860.94,1
956,40,2026-05,52632.98,30820.51,5635.45,860.94,1
957,40,2026-06,56778.81,29334.48,6195.14,860.94,1
958,40,2026-07,59525.18,35309.36,6565.9,860.94,1
959,40,2026-08,57111.5,31560.46,6240.05,860.94,1
960,40,2026-09,47739.32,27864.28,4974.81,860.94,1
961,41,2024-10,161807.21,84527.66,15863.43,2489.2,0
962,41,2024-11,160391.2,82077.48,15660.94,2489.2,1
963,41,2024-12,157116.34,83204.51,15192.64,2489.2,1
964,41,2025-01,171843.1,90645.19,17298.56,2489.2,1
965,41,2025-02,155606.47,80258.94,14976.73,2489.2,1
966,41,2025-03,203497.11,99541.36,21825.09,2489.2,1
967,41,2025-04,187488.48,95360.76,19535.85,2489.2,1
968,41,2025-05,217236.82,117810.02,23789.87,2489.2,1
969,41,2025-06,224384.47,122964.75,24811.98,2489.2,1
970,41,2025-07,228255.15,121567.79,25365.49,2489.2,1
971,41,2025-08,205377.98,108447.12,22094.05,2489.2,1
972,41,2025-09,200181.81,103809.37,21351.0,2489.2,1
973,41,2025-10,191533.37,94507.91,20114.27,2489.2,1
974,41,2025-11,192509.76,90870.08,20253.9,2489.2,1
975,41,2025-12,177767.59,87889.5,18145.77,2489.2,1
976,41,2026-01,137748.88,77107.48,12864.13,2489.2,1
977,41,2026-02,199638.58,104742.15,21273.32,2489.2,1
978,41,2026-03,187974.29,102725.58,19605.32,2489.2,1
979,41,2026-04,214428.51,118031.17,23388.28,2489.2,1
980,41,2026-05,225278.16,120034.71,24939.78,2489.2,1
981,41,2026-06,259958.9,139485.18,29899.12,2489.2,1
982,41,2026-07,234378.92,120220.86,26241.19,2489.2,1
983,41,2026-08,226747.87,116621.8,25149.95,2489.2,1
984,41,2026-09,199168.84,109570.24,21206.14,2489.2,1
985,42,2024-10,26350.68,18662.94,2946.39,776.59,1
986,42,2024-11,21228.07,15722.89,2249.76,776.59,1
987,42,2024-12,26928.81,20500.86,2753.91,776.59,1
988,42,2025-01,23354.25,17169.67,2498.13,776.59,1
989,42,2025-02,28431.27,21359.34,2958.92,776.59,1
990,42,2025-03,26203.03,20006.56,2669.2,776.59,1
991,42,2025-04,29480.39,22354.43,3030.86,776.59,1
992,42,2025-05,31100.39,22099.13,3464.48,776.59,1
993,42,2025-06,34879.12,24028.81,4021.39,776.59,0
994,42,2025-07,30372.59,22626.97,3195.31,776.59,1
995,42,2025-08,30992.65,20929.21,3649.28,776.59,1
996,42,2025-09,25582.1,18747.17,2747.31,776.59,1
997,42,2025-10,26992.22,21137.39,2654.51,776.59,1
998,42,2025-11,26831.84,19534.9,2904.58,776.59,1
999,42,2025-12,27148.19,20519.23,2803.1,776.59,1
1000,42,2026-01,28174.07,20815.2,2995.32,776.59,1
1001,42,2026-02,28856.53,19850.34,3332.31,776.59,1
1002,42,2026-03,34708.97,25380.51,3737.36,776.59,1
1003,42,2026-04,33702.0,24044.43,3736.89,776.59,1
1004,42,2026-05,28346.07,19205.02,3326.31,776.59,0
1005,42,2026-06,35430.2,25393.3,3907.65,776.59,1
1006,42,2026-07,36878.59,24452.19,4423.65,776.59,1
1007,42,2026-08,31473.53,21660.67,3632.7,776.59,1
1008,42,2026-09,31257.4,22387.03,3450.23,776.59,1
1009,43,2024-10,54379.32,37428.56,5871.21,1083.83,1
1010,43,2024-11,46395.05,29875.69,4793.33,1083.83,1
1011,43,2024-12,54771.48,33323.07,5924.15,1083.83,1
1012,43,2025-01,51062.09,31046.55,5423.38,1083.83,1
1013,43,2025-02,57868.16,37910.71,6342.2,1083.83,1
1014,43,2025-03,63483.71,41943.48,7187.39,1083.83,1
1015,43,2025-04,73832.18,44385.13,8843.15,1083.83,1
1016,43,2025-05,77493.42,46613.35,9428.95,1083.83,1
1017,43,2025-06,74238.46,46361.73,8908.15,1083.83,1
1018,43,2025-07,82323.15,47128.52,10201.7,1083.83,1
1019,43,2025-08,84033.72,53574.01,10475.4,1083.83,1
1020,43,2025-09,70399.72,48119.83,8293.96,1083.83,1
1021,43,2025-10,62430.91,39467.87,7018.95,1083.83,1
1022,43,2025-11,59489.94,38890.66,6561.14,1083.83,1
1023,43,2025-12,58027.55,35968.41,6363.72,1083.83,1
1024,43,2026-01,58918.41,37313.68,6483.99,1083.83,1
1025,43,2026-02,71820.44,45497.35,8521.27,1083.83,1
1026,43,2026-03,75590.57,46704.76,9124.49,1083.83,1
1027,43,2026-04,75102.47,48314.47,9046.4,1083.83,1
1028,43,2026-05,75935.98,48445.05,9179.76,1083.83,1
1029,43,2026-06,66973.94,42770.19,7745.83,1083.83,1
1030,43,2026-07,73910.3,44495.22,8855.65,1083.83,1
1031,43,2026-08,75010.85,51749.68,9031.74,1083.83,1
1032,43,2026-09,72845.12,47280.52,8685.22,1083.83,0
1033,44,2024-10,58557.47,34090.08,6435.26,1044.16,1
1034,44,2024-11,51449.99,31031.12,5475.75,1044.16,1
1035,44,2024-12,45951.48,25624.46,4733.45,1044.16,0
1036,44,2025-01,48971.37,27598.93,5141.13,1044.16,1
1037,44,2025-02,54064.22,31459.19,5828.67,1044.16,1
1038,44,2025-03,60204.55,37307.44,6662.73,1044.16,1
1039,44,2025-04,81818.75,48691.58,10121.0,1044.16,1
1040,44,2025-05,66265.43,33632.61,7632.47,1044.16,1
1041,44,2025-06,71789.86,44236.2,8516.38,1044.16,1
1042,44,2025-07,80749.83,45739.88,9949.97,1044.16,1
1043,44,2025-08,53513.53,30790.18,5754.33,1044.16,1
1044,44,2025-09,66372.74,38116.38,7649.64,1044.16,1
1045,44,2025-10,63087.41,37100.95,7123.99,1044.16,1
1046,44,2025-11,60051.27,35873.92,6638.2,1044.16,1
1047,44,2025-12,48737.76,26342.33,5109.6,1044.16,1
1048,44,2026-01,59575.57,34227.65,6572.7,1044.16,1
1049,44,2026-02,60509.18,34657.07,6711.47,1044.16,0
1050,44,2026-03,62038.55,38570.96,6956.17,1044.16,1
1051,44,2026-04,67691.63,36715.17,7860.66,1044.16,1
1052,44,2026-05,73637.23,40911.4,8811.96,1044.16,1
1053,44,2026-06,81848.7,46423.94,10125.79,1044.16,1
1054,44,2026-07,74478.28,40727.26,8946.52,1044.16,1
1055,44,2026-08,75309.3,47359.57,9079.49,1044.16,1
1056,44,2026-09,67736.42,40126.97,7867.83,1044.16,1
1057,45,2024-10,26718.68,15818.86,2212.49,739.91,1
1058,45,2024-11,29280.31,17951.22,2499.39,739.91,1
1059,45,2024-12,30288.84,18880.73,2618.99,739.91,1
1060,45,2025-01,27983.25,17046.98,2354.12,739.91,0
1061,45,2025-02,33298.98,20542.21,3025.36,739.91,1
1062,45,2025-03,32915.15,19112.61,2973.55,739.91,0
1063,45,2025-04,38848.22,24335.07,3774.51,739.91,1
1064,45,2025-05,38942.98,24794.92,3787.3,739.91,1
1065,45,2025-06,42920.39,25770.69,4324.25,739.91,0
1066,45,2025-07,39764.99,23506.75,3898.27,739.91,1
1067,45,2025-08,40813.71,24634.07,4039.85,739.91,1
1068,45,2025-09,34529.31,21077.18,3191.46,739.91,1
1069,45,2025-10,31074.1,19442.96,2725.0,739.91,0
1070,45,2025-11,35359.87,22289.45,3303.58,739.91,1
1071,45,2025-12,30167.32,17515.06,2602.59,739.91,1
1072,45,2026-01,29510.01,18852.21,2525.12,739.91,1
1073,45,2026-02,38420.16,24339.6,3716.72,739.91,1
1074,45,2026-03,37592.24,23327.76,3604.95,739.91,1
1075,45,2026-04,42908.41,25655.74,4322.64,739.91,1
1076,45,2026-05,51161.82,31372.56,5436.85,739.91,1
1077,45,2026-06,40943.4,23737.01,4057.36,739.91,1
1078,45,2026-07,43089.99,26835.85,4347.15,739.91,1
1079,45,2026-08,49322.16,29274.55,5188.49,739.91,1
1080,45,2026-09,40390.74,25254.18,3982.75,739.91,0
1081,46,2024-10,44709.79,25540.9,7301.11,1124.69,1
1082,46,2024-11,43644.59,24611.86,7127.16,1124.69,1
1083,46,2024-12,43362.18,23595.7,7081.04,1124.69,1
1084,46,2025-01,44907.74,24034.83,7333.43,1124.69,1
1085,46,2025-02,44958.51,23134.91,7341.72,1124.69,0
1086,46,2025-03,51401.8,25345.14,8393.91,1124.69,1
1087,46,2025-04,47992.99,26447.93,7837.26,1124.69,1
1088,46,2025-05,53372.06,30122.56,8715.66,1124.69,1
1089,46,2025-06,53435.15,27460.95,8725.96,1124.69,1
1090,46,2025-07,59911.66,33445.27,9783.57,1124.69,1
1091,46,2025-08,57167.37,29239.93,9335.43,1124.69,1
1092,46,2025-09,48904.07,26079.65,7986.03,1124.69,1
1093,46,2025-10,49529.27,27288.84,8088.13,1124.69,1
1094,46,2025-11,48226.74,24930.09,7875.43,1124.69,1
1095,46,2025-12,43436.43,24409.22,7093.17,1124.69,1
1096,46,2026-01,45462.92,25593.49,7424.09,1124.69,1
1097,46,2026-02,56633.27,31004.34,9248.21,1124.69,1
1098,46,2026-03,58505.58,30448.91,9553.96,1124.69,1
1099,46,2026-04,52635.02,28561.31,8595.3,1124.69,1
1100,46,2026-05,62634.89,33088.09,10232.59,1124.69,1
1101,46,2026-06,62401.2,32544.29,10190.12,1124.69,1
1102,46,2026-07,71164.51,38738.67,11898.43,1124.69,1
1103,46,2026-08,58273.78,32064.63,9516.11,1124.69,1
1104,46,2026-09,64454.59,32724.16,10587.98,1124.69,1
1105,47,2024-10,53008.99,43205.6,3880.85,1074.0,1
1106,47,2024-11,57278.93,43190.91,4286.5,1074.0,1
1107,47,2024-12,47475.58,35858.76,3355.18,1074.0,1
1108,47,2025-01,58918.4,48051.09,4442.25,1074.0,1
1109,47,2025-02,52829.26,40701.26,3863.78,1074.0,1
1110,47,2025-03,70045.93,54907.48,5619.91,1074.0,1
1111,47,2025-04,65798.36,46836.4,5165.42,1074.0,1
1112,47,2025-05,65557.85,51499.62,5139.69,1074.0,1
1113,47,2025-06,69089.73,52650.7,5517.6,1074.0,1
1114,47,2025-07,67470.72,50311.03,5344.37,1074.0,1
1115,47,2025-08,66129.39,50312.54,5200.84,1074.0,1
1116,47,2025-09,74739.51,53737.37,6122.13,1074.0,1
1117,47,2025-10,61368.88,47345.88,4691.47,1074.0,0
1118,47,2025-11,56377.43,45394.49,4200.86,1074.0,1
1119,47,2025-12,56446.39,43694.69,4207.41,1074.0,1
1120,47,2026-01,57991.79,46685.47,4354.22,1074.0,0
1121,47,2026-02,63828.58,49307.72,4954.66,1074.0,1
1122,47,2026-03,63988.06,47452.47,4971.72,1074.0,1
1123,47,2026-04,69962.96,51858.7,5611.04,1074.0,1
1124,47,2026-05,81831.65,58883.93,6880.99,1074.0,1
1125,47,2026-06,80692.75,62201.12,6759.12,1074.0,1
1126,47,2026-07,80068.5,60483.55,6692.33,1074.0,1
1127,47,2026-08,69717.77,53757.47,5584.8,1074.0,0
1128,47,2026-09,65322.07,50359.15,5114.46,1074.0,1
1129,48,2024-10,27906.51,19529.33,2345.53,653.68,0
1130,48,2024-11,23365.25,17011.83,1836.91,653.68,1
1131,48,2024-12,22568.64,16449.2,1747.69,653.68,1
1132,48,2025-01,23049.39,17025.81,1801.53,653.68,1
1133,48,2025-02,26116.14,19262.4,2145.01,653.68,1
1134,48,2025-03,24006.34,17328.52,1908.71,653.68,1
1135,48,2025-04,27596.13,20105.53,2310.77,653.68,1
1136,48,2025-05,33902.09,26721.74,3106.78,653.68,1
1137,48,2025-06,31957.35,22975.18,2844.24,653.68,1
1138,48,2025-07,31719.92,23091.31,2812.19,653.68,0
1139,48,2025-08,29677.81,20676.24,2543.91,653.68,1
1140,48,2025-09,25961.21,19243.93,2127.66,653.68,1
1141,48,2025-10,27903.53,20236.67,2345.2,653.68,1
1142,48,2025-11,22515.73,16738.68,1741.76,653.68,1
1143,48,2025-12,24291.77,17679.86,1940.68,653.68,0
1144,48,2026-01,20677.22,15200.01,1535.85,653.68,1
1145,48,2026-02,28954.56,19355.05,2462.91,653.68,1
1146,48,2026-03,24898.93,19254.73,2008.68,653.68,1
1147,48,2026-04,31406.09,22303.86,2769.82,653.68,1
1148,48,2026-05,32051.9,23877.66,2857.01,653.68,1
1149,48,2026-06,36301.07,25963.38,3430.64,653.68,1
1150,48,2026-07,32370.13,23814.82,2899.97,653.68,1
1151,48,2026-08,32920.16,24076.97,2974.22,653.68,1
1152,48,2026-09,28152.46,21627.59,2373.08,653.68,1
1153,49,2024-10,36016.0,27570.49,3392.16,854.06,0
1154,49,2024-11,42605.89,29643.65,4281.8,854.06,1
1155,49,2024-12,38343.58,28146.42,3706.38,854.06,1
1156,49,2025-01,38720.55,31696.4,3757.27,854.06,1
1157,49,2025-02,35031.85,27969.29,3259.3,854.06,1
1158,49,2025-03,42514.04,29778.97,4269.4,854.06,1
1159,49,2025-04,46570.92,37398.83,4817.07,854.06,1
1160,49,2025-05,48612.96,36683.85,5092.75,854.06,1
1161,49,2025-06,57295.09,40266.11,6264.84,854.06,1
1162,49,2025-07,58111.71,44002.87,6375.08,854.06,1
1163,49,2025-08,48784.9,37328.8,5115.96,854.06,1
1164,49,2025-09,43947.81,33355.09,4462.95,854.06,0
1165,49,2025-10,43721.92,32508.06,4432.46,854.06,1
1166,49,2025-11,39884.09,32251.91,3914.35,854.06,1
1167,49,2025-12,37161.31,28985.12,3546.78,854.06,1
1168,49,2026-01,42689.79,33340.15,4293.12,854.06,1
1169,49,2026-02,45603.67,37561.34,4686.5,854.06,1
1170,49,2026-03,47560.84,35944.59,4950.71,854.06,1
1171,49,2026-04,53792.42,41183.22,5791.98,854.06,1
1172,49,2026-05,46660.55,36358.27,4829.17,854.06,1
1173,49,2026-06,59635.89,43470.66,6580.85,854.06,1
1174,49,2026-07,53065.92,41414.9,5693.9,854.06,1
1175,49,2026-08,49693.25,37286.08,5238.59,854.06,1
1176,49,2026-09,46086.16,32863.67,4751.63,854.06,1
1177,50,2024-10,128593.9,105339.9,24936.75,2010.09,1
1178,50,2024-11,115171.34,92277.22,22185.12,2010.09,1
1179,50,2024-12,125292.26,100264.18,24259.91,2010.09,1
1180,50,2025-01,123280.29,97640.74,23847.46,2010.09,0
1181,50,2025-02,141514.56,119498.33,27585.48,2010.09,1
1182,50,2025-03,139837.82,100572.73,27241.75,2010.09,1
1183,50,2025-04,150416.16,108593.89,29420.72,2010.09,1
1184,50,2025-05,172869.61,132602.64,34585.01,2010.09,1
1185,50,2025-06,156185.68,127194.15,30747.71,2010.09,1
1186,50,2025-07,163366.79,139180.07,32399.36,2010.09,1
1187,50,2025-08,166626.07,130907.65,33149.0,2010.09,1
1188,50,2025-09,150121.3,120565.74,29352.9,2010.09,1
1189,50,2025-10,144082.72,119534.76,28111.96,2010.09,1
1190,50,2025-11,116061.93,88142.5,22367.7,2010.09,1
1191,50,2025-12,141964.76,114929.88,27677.78,2010.09,1
1192,50,2026-01,125340.98,94431.11,24269.9,2010.09,1
1193,50,2026-02,145510.82,111063.96,28404.72,2010.09,1
1194,50,2026-03,165258.82,131790.76,32834.53,2010.09,1
1195,50,2026-04,141377.0,110569.5,27557.28,2010.09,1
1196,50,2026-05,176324.4,136956.91,35379.61,2010.09,1
1197,50,2026-06,195112.0,153868.75,39700.76,2010.09,1
1198,50,2026-07,168382.22,129765.62,33552.91,2010.09,1
1199,50,2026-08,160823.31,120692.35,31814.36,2010.09,1
1200,50,2026-09,179532.49,142963.4,36117.47,2010.09,1
1201,51,2024-10,68586.8,47938.75,5463.79,1249.24,1
1202,51,2024-11,62693.74,46917.27,4833.23,1249.24,1
1203,51,2024-12,68510.56,49854.34,5455.63,1249.24,1
1204,51,2025-01,60653.36,42574.4,4614.91,1249.24,1
1205,51,2025-02,75375.94,54322.65,6190.23,1249.24,1
1206,51,2025-03,78894.86,54116.47,6566.75,1249.24,0
1207,51,2025-04,78064.86,57468.9,6477.94,1249.24,1
1208,51,2025-05,87854.07,68113.92,7525.39,1249.24,1
1209,51,2025-06,83368.06,58959.51,7045.38,1249.24,1
1210,51,2025-07,89602.09,64969.67,7712.42,1249.24,1
1211,51,2025-08,84405.88,67263.85,7156.43,1249.24,1
1212,51,2025-09,78027.17,54139.68,6473.91,1249.24,1
1213,51,2025-10,78457.56,57241.28,6519.96,1249.24,1
1214,51,2025-11,63738.68,46069.42,4945.04,1249.24,1
1215,51,2025-12,69208.69,46075.53,5530.33,1249.24,1
1216,51,2026-01,68779.81,48606.38,5484.44,1249.24,1
1217,51,2026-02,78505.46,55836.82,6525.08,1249.24,1
1218,51,2026-03,80873.66,55273.19,6778.48,1249.24,1
1219,51,2026-04,73517.01,51315.5,5991.32,1249.24,1
1220,51,2026-05,94172.4,68905.77,8201.45,1249.24,1
1221,51,2026-06,101071.83,69114.22,8939.69,1249.24,1
1222,51,2026-07,106120.47,78490.68,9479.89,1249.24,1
1223,51,2026-08,86389.73,63781.08,7368.7,1249.24,1
1224,51,2026-09,86893.93,62318.31,7422.65,1249.24,0
1225,52,2024-10,52008.37,34430.48,5551.13,985.42,1
1226,52,2024-11,43949.79,29671.12,4463.22,985.42,1
1227,52,2024-12,49220.18,34032.07,5174.72,985.42,1
1228,52,2025-01,49127.77,33323.61,5162.25,985.42,1
1229,52,2025-02,53923.43,35281.12,5809.66,985.42,0
1230,52,2025-03,53819.5,33622.22,5795.63,985.42,1
1231,52,2025-04,62797.75,43898.06,7077.64,985.42,1
1232,52,2025-05,58611.32,41024.93,6442.53,985.42,1
1233,52,2025-06,75539.52,50073.15,9116.32,985.42,1
1234,52,2025-07,69188.3,48870.57,8100.13,985.42,1
1235,52,2025-08,69143.65,45225.96,8092.98,985.42,1
1236,52,2025-09,55857.52,34620.42,6070.77,985.42,1
1237,52,2025-10,57661.3,41342.88,6314.28,985.42,1
1238,52,2025-11,53693.35,35182.2,5778.6,985.42,1
1239,52,2025-12,48868.93,31253.91,5127.31,985.42,0
1240,52,2026-01,41097.37,27381.8,4078.14,985.42,1
1241,52,2026-02,66590.46,45388.76,7684.47,985.42,1
1242,52,2026-03,62870.33,39551.59,7089.25,985.42,1
1243,52,2026-04,55390.19,38747.58,6007.68,985.42,1
1244,52,2026-05,62441.97,41207.5,7020.72,985.42,1
1245,52,2026-06,73434.91,49322.47,8779.59,985.42,1
1246,52,2026-07,66318.8,44039.07,7641.01,985.42,1
1247,52,2026-08,62502.25,39492.64,7030.36,985.42,1
1248,52,2026-09,58028.34,40041.67,6363.83,985.42,1
1249,53,2024-10,19511.45,11622.06,3137.06,586.46,0
1250,53,2024-11,18354.98,9844.88,2928.9,586.46,1
1251,53,2024-12,17893.53,10574.6,2845.84,586.46,1
1252,53,2025-01,20810.16,11731.23,3370.83,586.46,1
1253,53,2025-02,20324.15,11325.09,3283.35,586.46,1
1254,53,2025-03,18775.71,10868.86,3004.63,586.46,1
1255,53,2025-04,23108.95,12136.69,3784.61,586.46,1
1256,53,2025-05,21576.04,12418.91,3508.69,586.46,1
1257,53,2025-06,23262.22,13562.95,3812.2,586.46,1
1258,53,2025-07,23995.63,13105.13,3944.21,586.46,1
1259,53,2025-08,23440.84,13277.58,3844.35,586.46,1
1260,53,2025-09,22422.53,12087.54,3661.06,586.46,1
1261,53,2025-10,19987.48,10825.73,3222.75,586.46,1
1262,53,2025-11,16573.45,9500.71,2608.22,586.46,1
1263,53,2025-12,15675.71,8123.4,2446.63,586.46,1
1264,53,2026-01,18462.6,10437.74,2948.27,586.46,1
1265,53,2026-02,19947.68,10634.22,3215.58,586.46,1
1266,53,2026-03,22750.82,12197.17,3720.15,586.46,1
1267,53,2026-04,24681.75,12981.79,4067.71,586.46,1
1268,53,2026-05,27871.2,16045.31,4641.82,586.46,1
1269,53,2026-06,25429.17,13849.26,4202.25,586.46,1
1270,53,2026-07,23666.14,13406.46,3884.91,586.46,1
1271,53,2026-08,25638.69,13986.77,4239.96,586.46,0
1272,53,2026-09,23680.66,11741.47,3887.52,586.46,1
1273,54,2024-10,36467.15,26618.97,3935.17,983.67,1
1274,54,2024-11,34040.49,23289.59,3953.76,983.67,1
1275,54,2024-12,32977.8,22617.56,3820.43,983.67,1
1276,54,2025-01,36857.99,25351.78,4256.8,983.67,1
1277,54,2025-02,39689.73,27111.67,4617.65,983.67,1
1278,54,2025-03,42420.38,31248.65,4526.44,983.67,0
1279,54,2025-04,42565.92,29716.5,4837.05,983.67,1
1280,54,2025-05,53596.31,38333.23,5925.62,983.67,1
1281,54,2025-06,47223.43,30468.57,5816.22,983.67,1
1282,54,2025-07,48328.63,34146.62,5418.65,983.67,0
1283,54,2025-08,48352.29,34706.98,5323.45,983.67,1
1284,54,2025-09,46836.46,32220.5,5408.27,983.67,1
1285,54,2025-10,45699.74,33300.73,4941.82,983.67,1
1286,54,2025-11,32393.67,22913.67,3627.34,983.67,1
1287,54,2025-12,37193.03,24836.66,4429.69,983.67,1
1288,54,2026-01,34719.32,24611.19,3878.32,983.67,0
1289,54,2026-02,44713.22,30504.33,5209.09,983.67,1
1290,54,2026-03,46985.0,32346.2,5421.19,983.67,0
1291,54,2026-04,56981.21,40375.34,6368.04,983.67,1
1292,54,2026-05,49757.92,35028.59,5601.92,983.67,1
1293,54,2026-06,52726.5,38823.78,5629.17,983.67,1
1294,54,2026-07,57270.82,41356.14,6260.8,983.67,0
1295,54,2026-08,47664.92,33284.45,5415.01,983.67,1
1296,54,2026-09,43946.44,32038.65,4749.43,983.67,1
1297,55,2024-10,96883.96,68268.51,16921.44,2303.96,1
1298,55,2024-11,95349.09,73192.69,16621.68,2303.96,0
1299,55,2024-12,107308.96,82455.32,18957.44,2303.96,1
1300,55,2025-01,104415.95,80755.17,18392.44,2303.96,1
1301,55,2025-02,116608.91,87148.71,20773.72,2303.96,1
1302,55,2025-03,119019.89,87026.83,21244.58,2303.96,1
1303,55,2025-04,133488.1,97530.72,24070.23,2303.96,1
1304,55,2025-05,162169.95,122747.53,29671.79,2303.96,1
1305,55,2025-06,144594.93,104884.94,26239.39,2303.96,1
1306,55,2025-07,144358.6,103862.47,26193.23,2303.96,1
1307,55,2025-08,139501.98,98487.81,25244.74,2303.96,1
1308,55,2025-09,152382.61,112267.29,27760.32,2303.96,1
1309,55,2025-10,119470.82,86011.82,21332.65,2303.96,1
1310,55,2025-11,115963.07,91415.41,20647.59,2303.96,1
1311,55,2025-12,130548.85,92004.21,23496.19,2303.96,1
1312,55,2026-01,126966.4,95591.26,22796.54,2303.96,1
1313,55,2026-02,110609.05,82405.17,19601.95,2303.96,1
1314,55,2026-03,167241.82,121769.25,30662.33,2303.96,1
1315,55,2026-04,136408.45,98255.73,24640.57,2303.96,1
1316,55,2026-05,171442.29,124583.15,31482.68,2303.96,1
1317,55,2026-06,153988.92,110818.33,28074.04,2303.96,1
1318,55,2026-07,148639.62,101291.23,27029.32,2303.96,1
1319,55,2026-08,140290.38,101214.32,25398.71,2303.96,1
1320,55,2026-09,135123.68,102717.87,24389.65,2303.96,1
1321,56,2024-10,56245.29,30389.31,11994.98,1545.19,1
1322,56,2024-11,46835.08,23231.52,10550.29,1545.19,1
1323,56,2024-12,51230.02,24765.08,12007.59,1545.19,1
1324,56,2025-01,43277.46,21442.16,9607.64,1545.19,0
1325,56,2025-02,60593.64,31163.78,13758.1,1545.19,1
1326,56,2025-03,53444.02,28592.64,11420.42,1545.19,1
1327,56,2025-04,61335.35,34249.3,12781.48,1545.19,1
1328,56,2025-05,64910.72,34201.46,14527.29,1545.19,1
1329,56,2025-06,66596.0,35484.12,14785.69,1545.19,1
1330,56,2025-07,67756.94,34280.35,15866.47,1545.19,0
1331,56,2025-08,63355.02,34399.68,13690.94,1545.19,1
1332,56,2025-09,57955.49,26826.69,14360.98,1545.19,1
1333,56,2025-10,58404.51,28868.43,13694.58,1545.19,1
1334,56,2025-11,47418.87,25232.16,9966.7,1545.19,1
1335,56,2025-12,49462.15,25602.92,10792.22,1545.19,1
1336,56,2026-01,52865.17,27016.36,11822.87,1545.19,1
1337,56,2026-02,64079.44,34281.27,14091.68,1545.19,1
1338,56,2026-03,54820.22,27239.24,12669.78,1545.19,1
1339,56,2026-04,62955.1,33455.36,13906.39,1545.19,1
1340,56,2026-05,72370.26,38103.98,16438.68,1545.19,1
1341,56,2026-06,67514.08,34190.19,15788.29,1545.19,1
1342,56,2026-07,64768.87,32602.28,15150.49,1545.19,1
1343,56,2026-08,67805.14,33660.84,16157.67,1545.19,1
1344,56,2026-09,67081.48,35823.89,14872.98,1545.19,1
1345,57,2024-10,80083.98,66403.47,7094.41,1384.48,1
1346,57,2024-11,76624.15,59333.08,6706.9,1384.48,1
1347,57,2024-12,73675.41,60399.42,6376.65,1384.48,1
1348,57,2025-01,70725.36,59144.54,6046.24,1384.48,1
1349,57,2025-02,75539.74,59712.14,6585.45,1384.48,1
1350,57,2025-03,85389.3,67974.18,7688.6,1384.48,0
1351,57,2025-04,95563.25,77690.43,8828.08,1384.48,1
1352,57,2025-05,102892.86,77173.69,9649.0,1384.48,1
1353,57,2025-06,98300.53,76830.25,9134.66,1384.48,0
1354,57,2025-07,106013.32,78818.89,9998.49,1384.48,1
1355,57,2025-08,97667.67,79209.18,9063.78,1384.48,1
1356,57,2025-09,100491.37,84144.02,9380.03,1384.48,1
1357,57,2025-10,87257.1,66583.0,7897.8,1384.48,1
1358,57,2025-11,79713.74,64123.35,7052.94,1384.48,1
1359,57,2025-12,81509.88,64477.77,7254.11,1384.48,0
1360,57,2026-01,85408.87,68787.18,7690.79,1384.48,0
1361,57,2026-02,86016.65,65638.15,7758.86,1384.48,1
1362,57,2026-03,101195.2,79832.87,9458.86,1384.48,1
1363,57,2026-04,125340.59,96729.62,12163.15,1384.48,1
1364,57,2026-05,114593.82,86994.84,10959.51,1384.48,1
1365,57,2026-06,131538.42,108602.77,12857.3,1384.48,1
1366,57,2026-07,119160.86,95265.42,11471.02,1384.48,1
1367,57,2026-08,107623.14,84209.08,10178.79,1384.48,0
1368,57,2026-09,109463.72,88274.17,10384.94,1384.48,1
1369,58,2024-10,9057.29,7176.73,1403.88,490.2,1
1370,58,2024-11,11341.49,8468.36,1757.93,490.2,1
1371,58,2024-12,10313.91,7492.25,1598.66,490.2,1
1372,58,2025-01,9972.27,7831.62,1545.7,490.2,1
1373,58,2025-02,9339.87,7146.27,1447.68,490.2,1
1374,58,2025-03,10780.52,7951.75,1670.98,490.2,1
1375,58,2025-04,14251.22,10121.99,2208.94,490.2,1
1376,58,2025-05,16191.24,12537.72,2539.42,490.2,1
1377,58,2025-06,14280.68,10292.55,2213.51,490.2,1
1378,58,2025-07,14586.59,11354.35,2260.92,490.2,1
1379,58,2025-08,14354.41,11040.8,2224.93,490.2,1
1380,58,2025-09,11343.73,8186.89,1758.28,490.2,1
1381,58,2025-10,11224.21,8724.26,1739.75,490.2,0
1382,58,2025-11,12785.28,10257.3,1981.72,490.2,1
1383,58,2025-12,10702.31,8293.67,1658.86,490.2,1
1384,58,2026-01,10414.24,7985.95,1614.21,490.2,1
1385,58,2026-02,12401.76,9968.62,1922.27,490.2,1
1386,58,2026-03,12395.94,9421.47,1921.37,490.2,1
1387,58,2026-04,15034.66,10976.0,2331.24,490.2,1
1388,58,2026-05,15680.16,12319.08,2447.43,490.2,1
1389,58,2026-06,13770.09,11149.61,2134.36,490.2,0
1390,58,2026-07,17117.34,13168.24,2706.12,490.2,1
1391,58,2026-08,16932.47,12979.95,2672.84,490.2,1
1392,58,2026-09,12190.7,9540.82,1889.56,490.2,1
1393,59,2024-10,131480.78,94030.5,14537.86,2648.92,1
1394,59,2024-11,142724.2,94470.02,17149.3,2648.92,0
1395,59,2024-12,116971.78,87524.66,12236.91,2648.92,1
1396,59,2025-01,132695.94,93358.07,14949.69,2648.92,0
1397,59,2025-02,148294.43,104332.81,16706.95,2648.92,0
1398,59,2025-03,132450.21,95847.53,14442.78,2648.92,0
1399,59,2025-04,154680.24,115539.13,16217.94,2648.92,1
1400,59,2025-05,146047.53,98613.78,17198.69,2648.92,1
1401,59,2025-06,176071.7,125479.41,19547.66,2648.92,1
1402,59,2025-07,184110.62,129137.96,20812.84,2648.92,0
1403,59,2025-08,150216.69,116467.69,14982.67,2648.92,1
1404,59,2025-09,154121.31,116609.32,15891.55,2648.92,1
1405,59,2025-10,135998.25,97235.84,15041.93,2648.92,1
1406,59,2025-11,151359.2,104316.45,17443.3,2648.92,1
1407,59,2025-12,138551.98,103428.83,14538.3,2648.92,1
1408,59,2026-01,136174.09,91708.16,16078.99,2648.92,1
1409,59,2026-02,171226.09,125769.24,18335.94,2648.92,1
1410,59,2026-03,194575.77,133318.42,22564.67,2648.92,1
1411,59,2026-04,168636.92,120800.61,18610.71,2648.92,1
1412,59,2026-05,209686.02,144295.28,24204.71,2648.92,0
1413,59,2026-06,167246.38,121897.25,18080.55,2648.92,1
1414,59,2026-07,196022.81,134123.57,22766.02,2648.92,1
1415,59,2026-08,196740.5,139672.21,21939.0,2648.92,1
1416,59,2026-09,177310.32,124971.25,19935.53,2648.92,1
1417,60,2024-10,162931.44,86474.1,23424.16,2962.34,1
1418,60,2024-11,120141.02,59139.57,18104.62,2962.34,1
1419,60,2024-12,131110.14,71993.87,18415.76,2962.34,1
1420,60,2025-01,145073.58,76875.5,20878.52,2962.34,1
1421,60,2025-02,152091.19,81443.47,21735.6,2962.34,1
1422,60,2025-03,140092.83,72711.73,20436.1,2962.34,1
1423,60,2025-04,178116.03,93354.63,25819.33,2962.34,1
1424,60,2025-05,187258.61,103149.56,26244.06,2962.34,1
1425,60,2025-06,183445.45,84666.46,28658.53,2962.34,1
1426,60,2025-07,166646.13,81437.44,25219.68,2962.34,1
1427,60,2025-08,200304.56,97491.06,30384.49,2962.34,1
1428,60,2025-09,184166.97,94038.91,27144.15,2962.34,1
1429,60,2025-10,143984.35,72243.23,21451.67,2962.34,1
1430,60,2025-11,142890.07,77970.45,20158.91,2962.34,0
1431,60,2025-12,140110.03,71045.96,20740.06,2962.34,1
1432,60,2026-01,154785.09,84407.81,21846.67,2962.34,0
1433,60,2026-02,152784.03,78914.41,22356.62,2962.34,0
1434,60,2026-03,171615.62,91456.88,24605.38,2962.34,1
1435,60,2026-04,191341.99,101010.38,27606.27,2962.34,1
1436,60,2026-05,201337.9,102490.46,29731.88,2962.34,0
1437,60,2026-06,224516.97,120722.68,31996.83,2962.34,1
1438,60,2026-07,215931.66,119549.78,30153.49,2962.34,1
1439,60,2026-08,182955.64,96329.39,26441.99,2962.34,0
1440,60,2026-09,204106.87,106532.14,29666.99,2962.34,0
